x,y,u_center,v_center,potential,divergence_before,divergence_after
0.06544984694978735,0.14726215563702155,0.2432297027732548,-0.19726683123982322,0.3453347741818974,-1.526457129073994,-6.661338147750939e-16
0.19634954084936207,0.14726215563702155,0.3289494361197765,-0.19560256878984944,0.32180078001409873,-1.422431598317281,5.995204332975845e-15
0.32724923474893675,0.14726215563702155,0.41246280886275,-0.19230251988184172,0.2763365944892725,-1.221469704814604,-1.509903313490213e-14
0.4581489286485115,0.14726215563702155,0.4923408840402629,-0.18742314926756243,0.21204052671781695,-0.937266669502941,1.0436096431476471e-14
0.5890486225480862,0.14726215563702155,0.5672169256396419,-0.18104794433103916,0.13329424746408047,-0.5891904595710524,-3.6637359812630166e-15
0.7199483164476609,0.14726215563702155,0.6358097838295594,-0.17328598659627634,0.045464185524826124,-0.20096189350267712,-2.7755575615628914e-15
0.8508480103472356,0.14726215563702155,0.6969458157888541,-0.16427008531213688,-0.04546418552482608,0.2009618935026769,7.771561172376096e-16
0.9817477042468102,0.14726215563702155,0.7495789670605916,-0.15415450504927283,-0.13329424746408042,0.5891904595710542,-2.7755575615628914e-15
1.112647398146385,0.14726215563702155,0.7928086698338466,-0.14311232619055037,-0.21204052671781673,0.9372666695029348,5.717648576819556e-15
1.2435470920459597,0.14726215563702155,0.8258952519086304,-0.1313324834777126,-0.2763365944892725,1.221469704814605,1.1379786002407855e-15
1.3744467859455345,0.14726215563702155,0.8482725926923096,-0.11901653328556559,-0.32180078001409873,1.4224315983172844,-2.7200464103316335e-15
1.505346479845109,0.14726215563702155,0.8595578096799043,-0.10637520493652342,-0.3453347741818974,1.5264571290739897,-4.142519660632615e-15
1.6362461737446838,0.14726215563702155,0.8595578096799043,-0.09362479506347669,-0.3453347741818974,1.526457129073994,3.4833247397614286e-15
1.7671458676442584,0.14726215563702155,0.8482725926923094,-0.08098346671443432,-0.3218007800140988,1.4224315983172886,2.192690473634684e-15
1.8980455615438332,0.14726215563702155,0.8258952519086302,-0.06866751652228742,-0.2763365944892726,1.221469704814601,4.996003610813204e-16
2.028945255443408,0.14726215563702155,0.7928086698338469,-0.05688767380944954,-0.21204052671781695,0.9372666695029327,2.55351295663786e-15
2.1598449493429825,0.14726215563702155,0.7495789670605919,-0.04584549495072733,-0.13329424746408075,0.5891904595710552,-5.828670879282072e-15
2.290744643242557,0.14726215563702155,0.6969458157888542,-0.03572991468786293,-0.045464185524826464,0.2009618935026966,4.052314039881821e-15
2.421644337142132,0.14726215563702155,0.6358097838295595,-0.026714013403723928,0.04546418552482598,-0.20096189350269594,-2.886579864025407e-15
2.5525440310417067,0.14726215563702155,0.5672169256396415,-0.01895205566896104,0.13329424746408025,-0.5891904595710502,-2.220446049250313e-16
2.6834437249412812,0.14726215563702155,0.4923408840402629,-0.01257685073243732,0.21204052671781662,-0.9372666695029284,-2.55351295663786e-15
2.8143434188408563,0.14726215563702155,0.4124628088627501,-0.007697480118158184,0.2763365944892725,-1.2214697048146106,5.662137425588298e-15
2.945243112740431,0.14726215563702155,0.32894943611977645,-0.004397431210150564,0.3218007800140986,-1.4224315983172802,-4.3298697960381105e-15
3.0761428066400054,0.14726215563702155,0.24322970277325495,-0.002733168760176423,0.34533477418189734,-1.526457129073994,-1.7763568394002505e-15
3.2070425005395804,0.14726215563702155,0.15677029722674535,-0.0027331687601767213,0.3453347741818974,-1.5264571290739943,-8.881784197001252e-16
3.337942194439155,0.14726215563702155,0.07105056388022399,-0.0043974312101504875,0.3218007800140988,-1.422431598317277,-4.6629367034256575e-15
3.4688418883387295,0.14726215563702155,-0.01246280886274978,-0.007697480118158115,0.27633659448927284,-1.2214697048146181,3.6637359812630166e-15
3.5997415822383045,0.14726215563702155,-0.0923408840402625,-0.012576850732437216,0.21204052671781703,-0.937266669502928,1.5543122344752192e-15
3.730641276137879,0.14726215563702155,-0.16721692563964136,-0.018952055668960757,0.1332942474640807,-0.5891904595710517,-6.8833827526759706e-15
3.8615409700374537,0.14726215563702155,-0.23580978382955925,-0.02671401340372381,0.04546418552482653,-0.20096189350269933,5.88418203051333e-15
3.9924406639370287,0.14726215563702155,-0.29694581578885376,-0.03572991468786302,-0.04546418552482602,0.20096189350271254,-2.7200464103316335e-15
4.123340357836603,0.14726215563702155,-0.3495789670605916,-0.04584549495072701,-0.13329424746408,0.5891904595710045,1.3877787807814457e-15
4.254240051736178,0.14726215563702155,-0.39280866983384677,-0.05688767380944964,-0.2120405267178169,0.9372666695029693,-6.328271240363392e-15
4.385139745635753,0.14726215563702155,-0.42589525190863065,-0.06866751652228731,-0.27633659448927245,1.2214697048146033,2.914335439641036e-15
4.516039439535327,0.14726215563702155,-0.4482725926923091,-0.08098346671443443,-0.3218007800140985,1.4224315983172742,1.0352829704629585e-14
4.646939133434902,0.14726215563702155,-0.45955780967990445,-0.09362479506347658,-0.3453347741818974,1.5264571290739943,-1.1830814106161824e-14
4.7778388273344765,0.14726215563702155,-0.4595578096799048,-0.10637520493652342,-0.3453347741818974,1.526457129073994,1.0318135235110049e-14
4.908738521234051,0.14726215563702155,-0.44827259269230946,-0.11901653328556577,-0.3218007800140989,1.4224315983173004,-5.245803791353865e-15
5.0396382151336265,0.14726215563702155,-0.4258952519086304,-0.1313324834777126,-0.2763365944892725,1.2214697048145822,5.856426454897701e-15
5.170537909033201,0.14726215563702155,-0.39280866983384655,-0.1431123261905503,-0.212040526717817,0.9372666695029417,2.275957200481571e-15
5.301437602932776,0.14726215563702155,-0.349578967060592,-0.15415450504927286,-0.1332942474640808,0.5891904595710551,-3.774758283725532e-15
5.43233729683235,0.14726215563702155,-0.2969458157888545,-0.16427008531213724,-0.04546418552482657,0.20096189350267918,-6.106226635438361e-16
5.563236990731925,0.14726215563702155,-0.23580978382955972,-0.17328598659627614,0.045464185524825625,-0.20096189350267601,0.0
5.694136684631499,0.14726215563702155,-0.1672169256396418,-0.18104794433103905,0.13329424746407992,-0.5891904595710494,1.3322676295501878e-15
5.825036378531074,0.14726215563702155,-0.09234088404026333,-0.18742314926756243,0.2120405267178163,-0.9372666695029137,-5.551115123125783e-16
5.955936072430649,0.14726215563702155,-0.012462808862750446,-0.19230251988184158,0.27633659448927245,-1.2214697048146315,-6.661338147750939e-16
6.086835766330224,0.14726215563702155,0.07105056388022317,-0.19560256878984925,0.32180078001409856,-1.4224315983172744,-4.218847493575595e-15
6.2177354602297985,0.14726215563702155,0.15677029722674468,-0.19726683123982394,0.3453347741818974,-1.5264571290740006,2.3314683517128287e-15
0.06544984694978735,0.44178646691106466,0.24156840953917524,-0.38806258394279086,0.33206375247605957,-1.4677962376506977,3.3306690738754696e-16
0.19634954084936207,0.44178646691106466,0.3239939816053702,-0.38313375326549304,0.30943415650611344,-1.36776834970278,2.7755575615628914e-15
0.32724923474893675,0.44178646691106466,0.4042979822686703,-0.3733604255703159,0.26571713413439735,-1.1745293090666786,-7.327471962526033e-15
0.4581489286485115,0.44178646691106466,0.48110638781325243,-0.35890982520380194,0.2038919281897486,-0.9012480370191447,1.2545520178264269e-14
0.5890486225480862,0.44178646691106466,0.553104985124935,-0.34002920594468633,0.12817182428631105,-0.5665482006315564,-5.88418203051333e-15
0.7199483164476609,0.44178646691106466,0.619061858241932,-0.3170416204231889,0.04371702237171605,-0.19323904063609648,-3.3306690738754696e-16
0.8508480103472356,0.44178646691106466,0.677848466778513,-0.2903403926009443,-0.043717022371716,0.1932390406360971,1.4432899320127035e-15
0.9817477042468102,0.44178646691106466,0.7284589555638888,-0.26038238788897144,-0.12817182428631102,0.5665482006315575,-5.329070518200751e-15
1.112647398146385,0.44178646691106466,0.770027365103064,-0.22768019605381953,-0.20389192818974838,0.9012480370191382,2.4980018054066022e-15
1.2435470920459597,0.44178646691106466,0.8018424483838831,-0.19279336066454847,-0.2657171341343973,1.17452930906668,3.219646771412954e-15
1.3744467859455345,0.44178646691106466,0.8233598405106026,-0.15631880514712715,-0.30943415650611344,1.3677683497027826,-4.052314039881821e-15
1.505346479845109,0.44178646691106466,0.8342113729381866,-0.11888061925911585,-0.33206375247605957,1.4677962376506946,-3.2057689836051395e-15
1.6362461737446838,0.44178646691106466,0.8342113729381869,-0.08111938074088448,-0.33206375247605957,1.4677962376506983,6.6405214660392176e-15
1.7671458676442584,0.44178646691106466,0.8233598405106025,-0.04368119485287244,-0.30943415650611356,1.3677683497027857,-6.841749389252527e-15
1.8980455615438332,0.44178646691106466,0.8018424483838827,-0.007206639335451535,-0.2657171341343974,1.1745293090666753,5.412337245047638e-15
2.028945255443408,0.44178646691106466,0.7700273651030645,0.02768019605381962,-0.2038919281897486,0.9012480370191389,3.3306690738754696e-16
2.1598449493429825,0.44178646691106466,0.728458955563889,0.06038238788897084,-0.1281718242863113,0.5665482006315571,-5.218048215738236e-15
2.290744643242557,0.44178646691106466,0.6778484667785127,0.09034039260094494,-0.043717022371716346,0.19323904063611413,4.551914400963142e-15
2.421644337142132,0.44178646691106466,0.619061858241932,0.11704162042318812,0.0437170223717159,-0.19323904063611336,-3.3861802251067274e-15
2.5525440310417067,0.44178646691106466,0.5531049851249346,0.14002920594468607,0.12817182428631085,-0.5665482006315554,5.551115123125783e-16
2.6834437249412812,0.44178646691106466,0.4811063878132522,0.1589098252038026,0.20389192818974827,-0.9012480370191316,5.551115123125783e-16
2.8143434188408563,0.44178646691106466,0.4042979822686704,0.17336042557031558,0.2657171341343973,-1.1745293090666844,2.6645352591003757e-15
2.945243112740431,0.44178646691106466,0.3239939816053702,0.18313375326549255,0.3094341565061134,-1.367768349702779,6.661338147750939e-16
3.0761428066400054,0.44178646691106466,0.24156840953917563,0.1880625839427915,0.33206375247605957,-1.467796237650698,4.6629367034256575e-15
3.2070425005395804,0.44178646691106466,0.1584315904608249,0.18806258394279057,0.33206375247605957,-1.4677962376506977,-6.106226635438361e-15
3.337942194439155,0.44178646691106466,0.07600601839463027,0.18313375326549255,0.30943415650611356,-1.367768349702776,7.216449660063518e-15
3.4688418883387295,0.44178646691106466,-0.004297982268670036,0.17336042557031545,0.26571713413439757,-1.1745293090666924,-6.772360450213455e-15
3.5997415822383045,0.44178646691106466,-0.08110638781325197,0.1589098252038027,0.20389192818974866,-0.9012480370191335,4.9960036108132044e-15
3.730641276137879,0.44178646691106466,-0.1531049851249343,0.1400292059446862,0.12817182428631124,-0.5665482006315538,-5.440092820663267e-15
3.8615409700374537,0.44178646691106466,-0.21906185824193175,0.11704162042318846,0.04371702237171641,-0.19323904063611758,4.496403249731884e-15
3.9924406639370287,0.44178646691106466,-0.2778484667785125,0.09034039260094481,-0.04371702237171593,0.19323904063613007,-2.4980018054066022e-15
4.123340357836603,0.44178646691106466,-0.32845895556388854,0.0603823878889716,-0.12817182428631058,0.5665482006315081,4.9404924595819466e-15
4.254240051736178,0.44178646691106466,-0.3700273651030643,0.027680196053819273,-0.20389192818974858,0.9012480370191738,-1.404432126150823e-14
4.385139745635753,0.44178646691106466,-0.40184244838388317,-0.007206639335451258,-0.26571713413439724,1.1745293090666777,9.270362255620057e-15
4.516039439535327,0.44178646691106466,-0.42335984051060205,-0.043681194852872855,-0.3094341565061133,1.3677683497027728,2.0261570199409107e-15
4.646939133434902,0.44178646691106466,-0.434211372938187,-0.08111938074088385,-0.33206375247605957,1.4677962376506968,-1.0977330155981235e-14
4.7778388273344765,0.44178646691106466,-0.4342113729381871,-0.11888061925911553,-0.33206375247605957,1.4677962376506986,1.0796918914479647e-14
4.908738521234051,0.44178646691106466,-0.42335984051060227,-0.15631880514712707,-0.3094341565061136,1.3677683497027986,-3.0531133177191805e-15
5.0396382151336265,0.44178646691106466,-0.401842448383883,-0.19279336066454839,-0.26571713413439735,1.1745293090666573,-2.55351295663786e-15
5.170537909033201,0.44178646691106466,-0.3700273651030644,-0.22768019605381884,-0.20389192818974863,0.901248037019146,3.3306690738754696e-15
5.301437602932776,0.44178646691106466,-0.32845895556388904,-0.2603823878889712,-0.12817182428631133,0.5665482006315572,7.216449660063518e-16
5.43233729683235,0.44178646691106466,-0.2778484667785131,-0.29034039260094524,-0.04371702237171646,0.19323904063609826,-3.885780586188048e-15
5.563236990731925,0.44178646691106466,-0.21906185824193225,-0.3170416204231882,0.04371702237171556,-0.1932390406360951,5.051514762044462e-15
5.694136684631499,0.44178646691106466,-0.15310498512493495,-0.34002920594468616,0.12817182428631047,-0.5665482006315502,-5.773159728050814e-15
5.825036378531074,0.44178646691106466,-0.0811063878132528,-0.35890982520380166,0.203891928189748,-0.9012480370191208,5.218048215738236e-15
5.955936072430649,0.44178646691106466,-0.004297982268670841,-0.3733604255703154,0.26571713413439724,-1.1745293090667042,-1.6653345369377348e-15
6.086835766330224,0.44178646691106466,0.07600601839462924,-0.3831337532654927,0.3094341565061133,-1.3677683497027724,-3.219646771412954e-15
6.2177354602297985,0.44178646691106466,0.15843159046082428,-0.38806258394279297,0.33206375247605957,-1.4677962376507048,3.6637359812630166e-15
0.06544984694978735,0.7363107781851077,0.2383096656383376,-0.5677882530921952,0.3060317069860647,-1.3527287599641067,3.3306690738754696e-15
0.19634954084936207,0.7363107781851077,0.31427350791449576,-0.5597842663863817,0.28517615189627243,-1.260542530462521,4.440892098500626e-15
0.32724923474893675,0.7363107781851077,0.3882820987876342,-0.5439132434064154,0.24488631333062288,-1.0824524106549518,-9.547918011776346e-15
0.4581489286485115,0.7363107781851077,0.4590691307488566,-0.5204467417557619,0.18790787720525887,-0.830594947898428,8.43769498715119e-15
0.5890486225480862,0.7363107781851077,0.5254234180554336,-0.48978627978380884,0.11812382978080585,-0.522133812065676,-3.3861802251067274e-15
0.7199483164476609,0.7363107781851077,0.5862096204546645,-0.45245646649558124,0.04028983856564951,-0.1780901198075749,-2.3314683517128287e-15
0.8508480103472356,0.7363107781851077,0.6403876691703804,-0.4090960253462196,-0.040289838565649466,0.17809011980757444,4.440892098500626e-16
0.9817477042468102,0.7363107781851077,0.6870305627680618,-0.36044686550557603,-0.1181238297808058,0.5221338120656789,-1.8318679906315083e-15
1.112647398146385,0.7363107781851077,0.7253402284063994,-0.307341387586619,-0.18790787720525864,0.8305949478984193,2.831068712794149e-15
1.2435470920459597,0.7363107781851077,0.754661177084876,-0.25068824104016185,-0.24488631333062283,1.082452410654955,7.16093850883226e-15
1.3744467859455345,0.7363107781851077,0.7744917192422989,-0.19145677691083446,-0.28517615189627243,1.260542530462523,-6.591949208711867e-15
1.505346479845109,0.7363107781851077,0.7844925488042895,-0.1306604619719539,-0.3060317069860647,1.352728759964104,-2.6367796834847468e-15
1.6362461737446838,0.7363107781851077,0.7844925488042899,-0.06933953802804677,-0.3060317069860647,1.3527287599641062,5.419276138951545e-15
1.7671458676442584,0.7363107781851077,0.7744917192422989,-0.008543223089165386,-0.28517615189627255,1.2605425304625275,-4.524158825347513e-15
1.8980455615438332,0.7363107781851077,0.754661177084876,0.05068824104016197,-0.244886313330623,1.0824524106549496,3.524958103184872e-15
2.028945255443408,0.7363107781851077,0.7253402284064,0.10734138758661915,-0.18790787720525892,0.8305949478984226,-3.2751579226442118e-15
2.1598449493429825,0.7363107781851077,0.6870305627680621,0.16044686550557546,-0.11812382978080607,0.5221338120656773,6.106226635438361e-16
2.290744643242557,0.7363107781851077,0.6403876691703805,0.2090960253462204,-0.04028983856564981,0.17809011980759204,8.326672684688674e-16
2.421644337142132,0.7363107781851077,0.5862096204546646,0.25245646649558007,0.04028983856564938,-0.17809011980759182,-7.216449660063518e-16
2.5525440310417067,0.7363107781851077,0.5254234180554332,0.28978627978380844,0.11812382978080564,-0.5221338120656749,-1.942890293094024e-15
2.6834437249412812,0.7363107781851077,0.45906913074885647,0.3204467417557631,0.18790787720525856,-0.8305949478984163,-1.1102230246251565e-16
2.8143434188408563,0.7363107781851077,0.3882820987876341,0.3439132434064148,0.24488631333062283,-1.0824524106549571,-6.661338147750939e-16
2.945243112740431,0.7363107781851077,0.3142735079144958,0.3597842663863812,0.2851761518962724,-1.260542530462521,5.662137425588298e-15
3.0761428066400054,0.7363107781851077,0.23830966563833816,0.3677882530921964,0.30603170698606463,-1.3527287599641067,-3.3306690738754696e-15
3.2070425005395804,0.7363107781851077,0.16169033436166214,0.36778825309219465,0.3060317069860647,-1.3527287599641071,-3.6637359812630166e-15
3.337942194439155,0.7363107781851077,0.08572649208550466,0.35978426638638106,0.28517615189627255,-1.2605425304625202,4.6629367034256575e-15
3.4688418883387295,0.7363107781851077,0.0117179012123661,0.34391324340641477,0.24488631333062313,-1.0824524106549638,-2.886579864025407e-15
3.5997415822383045,0.7363107781851077,-0.05906913074885631,0.3204467417557632,0.18790787720525895,-0.8305949478984153,5.10702591327572e-15
3.730641276137879,0.7363107781851077,-0.12542341805543294,0.2897862797838087,0.11812382978080604,-0.522133812065676,-2.6645352591003757e-15
3.8615409700374537,0.7363107781851077,-0.18620962045466433,0.2524564664955805,0.04028983856564983,-0.17809011980759382,1.27675647831893e-15
3.9924406639370287,0.7363107781851077,-0.24038766917038007,0.20909602534622013,-0.04028983856564942,0.17809011980760575,-1.609823385706477e-15
4.123340357836603,0.7363107781851077,-0.2870305627680616,0.16044686550557657,-0.11812382978080543,0.5221338120656349,3.885780586188048e-15
4.254240051736178,0.7363107781851077,-0.32534022840639987,0.10734138758661853,-0.18790787720525884,0.8305949478984531,-9.825473767932635e-15
4.385139745635753,0.7363107781851077,-0.3546611770848763,0.050688241040162625,-0.2448863133306228,1.0824524106549507,4.3021142204224816e-15
4.516039439535327,0.7363107781851077,-0.37449171924229857,-0.008543223089165553,-0.2851761518962722,1.260542530462513,9.506284648352903e-15
4.646939133434902,0.7363107781851077,-0.38449254880428996,-0.06933953802804581,-0.3060317069860647,1.3527287599641074,-1.1261824806041432e-14
4.7778388273344765,0.7363107781851077,-0.38449254880428996,-0.13066046197195313,-0.3060317069860647,1.352728759964107,1.3426759704060487e-14
4.908738521234051,0.7363107781851077,-0.3744917192422986,-0.19145677691083432,-0.28517615189627266,1.2605425304625413,-1.1532441668293814e-14
5.0396382151336265,0.7363107781851077,-0.35466117708487604,-0.25068824104016185,-0.24488631333062288,1.0824524106549327,7.355227538141662e-15
5.170537909033201,0.7363107781851077,-0.32534022840639965,-0.3073413875866181,-0.18790787720525892,0.8305949478984271,-8.326672684688674e-16
5.301437602932776,0.7363107781851077,-0.2870305627680621,-0.3604468655055756,-0.11812382978080613,0.5221338120656783,-5.551115123125783e-16
5.43233729683235,0.7363107781851077,-0.24038766917038074,-0.409096025346221,-0.0402898385656499,0.17809011980757705,-4.163336342344337e-15
5.563236990731925,0.7363107781851077,-0.18620962045466466,-0.4524564664955801,0.040289838565649085,-0.17809011980757372,6.439293542825908e-15
5.694136684631499,0.7363107781851077,-0.12542341805543347,-0.4897862797838085,0.11812382978080532,-0.5221338120656748,-6.494804694057166e-15
5.825036378531074,0.7363107781851077,-0.059069130748857,-0.5204467417557614,0.1879078772052583,-0.8305949478984024,5.329070518200751e-15
5.955936072430649,0.7363107781851077,0.01171790121236535,-0.5439132434064147,0.2448863133306228,-1.0824524106549758,-4.884981308350689e-15
6.086835766330224,0.7363107781851077,0.08572649208550405,-0.559784266386381,0.2851761518962723,-1.2605425304625144,7.216449660063518e-15
6.2177354602297985,0.7363107781851077,0.16169033436166194,-0.5677882530921987,0.30603170698606463,-1.352728759964113,-7.549516567451064e-15
0.06544984694978735,1.030835089459151,0.23357870277132708,-0.7295370820139411,0.2682390346211538,-1.1856766746511138,-6.661338147750939e-16
0.19634954084936207,1.030835089459151,0.3001615673997887,-0.7187655280000289,0.24995898769768618,-1.1048747686969935,2.220446049250313e-15
0.32724923474893675,1.030835089459151,0.365030639840007,-0.6974067242478215,0.21464464883937934,-0.9487774731480558,-1.5543122344752192e-15
0.4581489286485115,1.030835089459151,0.4270759922774252,-0.6658261258112974,0.16470263187972262,-0.7280225607329881,1.4988010832439613e-15
0.5890486225480862,1.030835089459151,0.4852360115296176,-0.6245640854855035,0.10353640274143122,-0.4576541139181278,-4.996003610813204e-16
0.7199483164476609,1.030835089459151,0.5385155635421753,-0.5743266082204124,0.03531433885830684,-0.15609729554893795,-1.6653345369377348e-15
0.8508480103472356,1.030835089459151,0.5860030204082812,-0.5159732711804874,-0.0353143388583068,0.1560972955489383,2.6645352591003757e-15
0.9817477042468102,1.030835089459151,0.6268858585749455,-0.4505025161410864,-0.10353640274143118,0.4576541139181294,-3.497202527569243e-15
1.112647398146385,1.030835089459151,0.6604645613462723,-0.3790345658728544,-0.1647026318797225,0.7280225607329838,-1.582067810090848e-15
1.2435470920459597,1.030835089459151,0.6861645878080698,-0.30279225681954103,-0.21464464883937925,0.9487774731480554,4.718447854656915e-15
1.3744467859455345,1.030835089459151,0.7035462033821824,-0.22308011602740996,-0.24995898769768618,1.1048747686969973,-2.345346139520643e-15
1.505346479845109,1.030835089459151,0.7123120038070424,-0.14126204032579476,-0.2682390346211538,1.1856766746511092,-4.801714581503802e-15
1.6362461737446838,1.030835089459151,0.7123120038070425,-0.05873795967420607,-0.2682390346211538,1.1856766746511174,6.876443858772063e-15
1.7671458676442584,1.030835089459151,0.7035462033821824,0.023080116027409947,-0.24995898769768624,1.1048747686969962,-3.7470027081099033e-16
1.8980455615438332,1.030835089459151,0.6861645878080695,0.10279225681954107,-0.21464464883937942,0.9487774731480554,-5.440092820663267e-15
2.028945255443408,1.030835089459151,0.6604645613462724,0.17903456587285502,-0.16470263187972262,0.7280225607329793,7.521760991835436e-15
2.1598449493429825,1.030835089459151,0.6268858585749455,0.25050251614108576,-0.10353640274143143,0.4576541139181327,-3.6637359812630166e-15
2.290744643242557,1.030835089459151,0.5860030204082811,0.31597327118048824,-0.03531433885830713,0.156097295548952,2.7755575615628914e-16
2.421644337142132,1.030835089459151,0.5385155635421752,0.3743266082204107,0.03531433885830672,-0.15609729554895202,-2.220446049250313e-15
2.5525440310417067,1.030835089459151,0.4852360115296175,0.4245640854855032,0.10353640274143106,-0.45765411391812744,3.3861802251067274e-15
2.6834437249412812,1.030835089459151,0.4270759922774252,0.4658261258112988,0.16470263187972237,-0.7280225607329764,-1.1102230246251565e-15
2.8143434188408563,1.030835089459151,0.36503063984000717,0.4974067242478206,0.21464464883937925,-0.9487774731480623,5.051514762044462e-15
2.945243112740431,1.030835089459151,0.30016156739978905,0.5187655280000283,0.24995898769768604,-1.1048747686969915,-3.219646771412954e-15
3.0761428066400054,1.030835089459151,0.23357870277132708,0.5295370820139425,0.26823903462115367,-1.1856766746511136,-5.88418203051333e-15
3.2070425005395804,1.030835089459151,0.16642129722867272,0.5295370820139405,0.2682390346211538,-1.1856766746511154,1.7763568394002505e-15
3.337942194439155,1.030835089459151,0.09983843260021145,0.5187655280000282,0.24995898769768624,-1.1048747686969902,1.7763568394002505e-15
3.4688418883387295,1.030835089459151,0.034969360159993246,0.49740672424782073,0.2146446488393795,-0.9487774731480655,-1.6653345369377348e-15
3.5997415822383045,1.030835089459151,-0.02707599227742466,0.4658261258112991,0.16470263187972273,-0.7280225607329788,6.716849298982197e-15
3.730641276137879,1.030835089459151,-0.08523601152961705,0.4245640854855036,0.10353640274143136,-0.45765411391812744,-6.050715484207103e-15
3.8615409700374537,1.030835089459151,-0.13851556354217504,0.37432660822041103,0.03531433885830713,-0.1560972955489538,2.886579864025407e-15
3.9924406639370287,1.030835089459151,-0.18600302040828082,0.3159732711804883,-0.03531433885830675,0.15609729554896423,-8.881784197001252e-16
4.123340357836603,1.030835089459151,-0.22688585857494514,0.2505025161410869,-0.10353640274143086,0.45765411391809185,3.885780586188048e-16
4.254240051736178,1.030835089459151,-0.2604645613462725,0.17903456587285424,-0.16470263187972262,0.7280225607330082,-5.10702591327572e-15
4.385139745635753,1.030835089459151,-0.2861645878080699,0.10279225681954147,-0.21464464883937928,0.9487774731480555,-1.5265566588595902e-15
4.516039439535327,1.030835089459151,-0.3035462033821815,0.02308011602741003,-0.24995898769768604,1.10487476869699,1.0158540675320182e-14
4.646939133434902,1.030835089459151,-0.3123120038070424,-0.05873795967420484,-0.26823903462115384,1.1856766746511114,-1.5216994331268552e-14
4.7778388273344765,1.030835089459151,-0.3123120038070427,-0.14126204032579381,-0.26823903462115384,1.1856766746511171,1.013772399360846e-14
4.908738521234051,1.030835089459151,-0.3035462033821823,-0.22308011602740951,-0.24995898769768637,1.1048747686970066,-8.049116928532385e-15
5.0396382151336265,1.030835089459151,-0.2861645878080702,-0.30279225681954147,-0.21464464883937934,0.9487774731480411,8.326672684688674e-17
5.170537909033201,1.030835089459151,-0.2604645613462725,-0.37903456587285356,-0.16470263187972267,0.7280225607329855,4.496403249731884e-15
5.301437602932776,1.030835089459151,-0.2268858585749455,-0.4505025161410854,-0.10353640274143147,0.4576541139181318,-3.83026943495679e-15
5.43233729683235,1.030835089459151,-0.18600302040828157,-0.5159732711804899,-0.03531433885830718,0.15609729554893814,-2.3869795029440866e-15
5.563236990731925,1.030835089459151,-0.13851556354217542,-0.5743266082204104,0.035314338858306475,-0.15609729554893598,5.88418203051333e-15
5.694136684631499,1.030835089459151,-0.08523601152961763,-0.624564085485503,0.10353640274143075,-0.4576541139181266,-3.0531133177191805e-15
5.825036378531074,1.030835089459151,-0.027075992277425687,-0.665826125811297,0.16470263187972212,-0.7280225607329641,-2.6645352591003757e-15
5.955936072430649,1.030835089459151,0.03496936015999269,-0.6974067242478204,0.21464464883937928,-0.9487774731480787,5.6066262743570405e-15
6.086835766330224,1.030835089459151,0.09983843260021094,-0.718765528000028,0.24995898769768607,-1.1048747686969893,-4.107825191113079e-15
6.2177354602297985,1.030835089459151,0.16642129722867255,-0.729537082013946,0.2682390346211538,-1.1856766746511183,2.7755575615628914e-15
0.06544984694978735,1.325359400733194,0.22755732918796756,-0.8670931539223541,0.2201380865859357,-0.9730596996664256,6.050715484207103e-15
0.19634954084936207,1.325359400733194,0.28220047402116205,-0.853967977380341,0.20513603978049308,-0.9067472891913437,8.881784197001252e-16
0.32724923474893675,1.325359400733194,0.3354371459535768,-0.8279421997059344,0.1761543108673442,-0.7786415494286165,-6.661338147750939e-15
0.4581489286485115,1.325359400733194,0.38635645076845504,-0.7894611291708518,0.13516795677734875,-0.5974726748383347,4.6074255521944e-15
0.5890486225480862,1.325359400733194,0.4340871450429161,-0.7391831875609185,0.084970129808587,-0.37558702482809164,-1.6653345369377348e-16
0.7199483164476609,1.325359400733194,0.47781254336447443,-0.6779686443967592,0.028981728913148857,-0.12810573976272596,-1.4432899320127035e-15
0.8508480103472356,1.325359400733194,0.5167844920448782,-0.6068648974837869,-0.028981728913148784,0.12810573976272605,3.164135620181696e-15
0.9817477042468102,1.325359400733194,0.55033617023714,-0.5270885516453705,-0.08497012980858694,0.37558702482809436,-3.747002708109903e-15
1.112647398146385,1.325359400733194,0.5778934994251074,-0.4400046022769838,-0.1351679567773486,0.5974726748383259,-5.551115123125783e-16
1.2435470920459597,1.325359400733194,0.59898496606604,-0.3471030798965532,-0.17615431086734418,0.7786415494286204,4.524158825347513e-15
1.3744467859455345,1.325359400733194,0.6132496893180513,-0.24997355530917628,-0.20513603978049308,0.9067472891913447,-3.760880495917718e-15
1.505346479845109,1.325359400733194,0.6204435958113708,-0.15027794160993396,-0.22013808658593567,0.9730596996664238,-2.1649348980190553e-15
1.6362461737446838,1.325359400733194,0.6204435958113709,-0.04972205839006695,-0.22013808658593567,0.9730596996664254,2.9178048865929895e-15
1.7671458676442584,1.325359400733194,0.6132496893180511,0.04997355530917623,-0.20513603978049313,0.9067472891913462,-4.066191827689636e-15
1.8980455615438332,1.325359400733194,0.5989849660660397,0.1471030798965532,-0.17615431086734426,0.7786415494286137,7.494005416219807e-16
2.028945255443408,1.325359400733194,0.5778934994251077,0.24000460227698414,-0.13516795677734875,0.5974726748383294,2.0816681711721685e-15
2.1598449493429825,1.325359400733194,0.5503361702371403,0.32708855164536965,-0.08497012980858713,0.3755870248280938,-9.71445146547012e-16
2.290744643242557,1.325359400733194,0.5167844920448782,0.4068648974837882,-0.028981728913149086,0.1281057397627384,-1.1657341758564144e-15
2.421644337142132,1.325359400733194,0.4778125433644741,0.47796864439675724,0.028981728913148718,-0.12810573976273731,-9.992007221626409e-16
2.5525440310417067,1.325359400733194,0.4340871450429159,0.5391831875609182,0.08497012980858681,-0.37558702482809153,3.164135620181696e-15
2.6834437249412812,1.325359400733194,0.38635645076845504,0.5894611291708536,0.13516795677734847,-0.5974726748383226,-4.496403249731884e-15
2.8143434188408563,1.325359400733194,0.33543714595357654,0.6279421997059335,0.17615431086734418,-0.7786415494286245,3.941291737419306e-15
2.945243112740431,1.325359400733194,0.282200474021162,0.65396797738034,0.205136039780493,-0.9067472891913404,2.1649348980190553e-15
3.0761428066400054,1.325359400733194,0.22755732918796778,0.6670931539223558,0.22013808658593562,-0.9730596996664269,-2.609024107869118e-15
3.2070425005395804,1.325359400733194,0.17244267081203235,0.6670931539223535,0.22013808658593567,-0.973059699666426,1.8318679906315083e-15
3.337942194439155,1.325359400733194,0.11779952597883857,0.6539679773803402,0.2051360397804931,-0.9067472891913391,1.9984014443252818e-15
3.4688418883387295,1.325359400733194,0.06456285404642352,0.6279421997059333,0.17615431086734434,-0.778641549428627,-4.218847493575595e-15
3.5997415822383045,1.325359400733194,0.013643549231545121,0.589461129170854,0.13516795677734877,-0.5974726748383234,4.718447854656915e-15
3.730641276137879,1.325359400733194,-0.03408714504291563,0.5391831875609185,0.08497012980858709,-0.3755870248280928,-3.83026943495679e-15
3.8615409700374537,1.325359400733194,-0.07781254336447416,0.4779686443967579,0.028981728913149082,-0.1281057397627396,3.774758283725532e-15
3.9924406639370287,1.325359400733194,-0.1167844920448779,0.4068648974837885,-0.028981728913148746,0.12810573976274892,-1.4988010832439613e-15
4.123340357836603,1.325359400733194,-0.15033617023713958,0.32708855164537043,-0.08497012980858663,0.37558702482805906,3.941291737419306e-15
4.254240051736178,1.325359400733194,-0.17789349942510765,0.2400046022769837,-0.13516795677734875,0.5974726748383529,-1.0630385460785874e-14
4.385139745635753,1.325359400733194,-0.19898496606604027,0.14710307989655308,-0.17615431086734415,0.7786415494286183,6.994405055138486e-15
4.516039439535327,1.325359400733194,-0.2132496893180509,0.0499735553091763,-0.20513603978049294,0.9067472891913361,3.1086244689504383e-15
4.646939133434902,1.325359400733194,-0.2204435958113709,-0.04972205839006538,-0.22013808658593567,0.9730596996664276,-6.00908212078366e-15
4.7778388273344765,1.325359400733194,-0.2204435958113709,-0.1502779416099331,-0.22013808658593567,0.9730596996664236,6.196432256189155e-15
4.908738521234051,1.325359400733194,-0.21324968931805124,-0.24997355530917545,-0.20513603978049322,0.906747289191356,-7.632783294297951e-15
5.0396382151336265,1.325359400733194,-0.19898496606604027,-0.3471030798965536,-0.17615431086734418,0.7786415494286039,7.993605777301127e-15
5.170537909033201,1.325359400733194,-0.1778934994251077,-0.4400046022769828,-0.13516795677734877,0.5974726748383339,-3.885780586188048e-16
5.301437602932776,1.325359400733194,-0.15033617023713994,-0.5270885516453693,-0.08497012980858716,0.37558702482809303,-3.885780586188048e-16
5.43233729683235,1.325359400733194,-0.11678449204487845,-0.6068648974837898,-0.028981728913149127,0.128105739762727,-5.162537064506978e-15
5.563236990731925,1.325359400733194,-0.07781254336447463,-0.6779686443967571,0.02898172891314854,-0.12810573976272482,6.994405055138486e-15
5.694136684631499,1.325359400733194,-0.034087145042915934,-0.7391831875609178,0.08497012980858658,-0.3755870248280906,-5.329070518200751e-15
5.825036378531074,1.325359400733194,0.013643549231544538,-0.7894611291708513,0.13516795677734833,-0.5974726748383138,2.886579864025407e-15
5.955936072430649,1.325359400733194,0.06456285404642294,-0.8279421997059331,0.17615431086734418,-0.7786415494286378,-3.3306690738754696e-16
6.086835766330224,1.325359400733194,0.11779952597883787,-0.8539679773803399,0.20513603978049297,-0.9067472891913364,1.1102230246251565e-16
6.2177354602297985,1.325359400733194,0.17244267081203196,-0.8670931539223601,0.22013808658593564,-0.9730596996664309,-3.1086244689504383e-15
0.06544984694978735,1.6198837120072371,0.22047694289824266,-0.975170266116328,0.1635773553380812,-0.7230485861217172,-2.1649348980190553e-15
0.19634954084936207,1.6198837120072371,0.2610804625244588,-0.9601958602200394,0.15242982889615211,-0.6737740198718078,6.994405055138486e-15
0.32724923474893675,1.6198837120072371,0.3006388785021778,-0.9305032646640372,0.13089446151715275,-0.5785828676318509,-2.886579864025407e-15
0.4581489286485115,1.6198837120072371,0.33847533536635577,-0.886600527990626,0.10043885289908477,-0.4439622491161754,1.3322676295501878e-15
0.5890486225480862,1.6198837120072371,0.3739424408497992,-0.8292388381964286,0.06313850243899652,-0.27908633700554236,-5.551115123125783e-16
0.7199483164476609,1.6198837120072371,0.406433342944347,-0.7593996696974884,0.021535367378999363,-0.09519115223995925,-6.38378239159465e-16
0.8508480103472356,1.6198837120072371,0.43539211330698196,-0.6782779900298941,-0.02153536737899928,0.09519115223995983,3.497202527569243e-15
0.9817477042468102,1.6198837120072371,0.4603232593479105,-0.5872618136239419,-0.06313850243899646,0.2790863370055413,-6.078471059822732e-15
1.112647398146385,1.6198837120072371,0.4808002022461533,-0.48790845249238635,-0.10043885289908466,0.44396224911617427,2.6922908347160046e-15
1.2435470920459597,1.6198837120072371,0.49647257583144094,-0.3819178701901445,-0.13089446151715267,0.5785828676318511,6.314393452555578e-15
1.3744467859455345,1.6198837120072371,0.5070722214465251,-0.27110359496654957,-0.1524298288961521,0.6737740198718094,-6.1201044232461754e-15
1.505346479845109,1.6198837120072371,0.5124177762161548,-0.157361689794198,-0.1635773553380812,0.7230485861217154,0.0
1.6362461737446838,1.6198837120072371,0.5124177762161548,-0.04263831020580283,-0.1635773553380812,0.723048586121718,2.921274333544943e-15
1.7671458676442584,1.6198837120072371,0.507072221446525,0.07110359496654949,-0.1524298288961521,0.6737740198718101,2.914335439641036e-15
1.8980455615438332,1.6198837120072371,0.49647257583144067,0.18191787019014447,-0.1308944615171528,0.5785828676318507,-5.4262150328554526e-15
2.028945255443408,1.6198837120072371,0.4808002022461534,0.28790845249238634,-0.10043885289908477,0.4439622491161709,3.1086244689504383e-15
2.1598449493429825,1.6198837120072371,0.4603232593479106,0.387261813623941,-0.06313850243899662,0.27908633700554375,-2.220446049250313e-16
2.290744643242557,1.6198837120072371,0.4353921133069818,0.47827799002989585,-0.021535367378999533,0.09519115223996891,-2.220446049250313e-15
2.421644337142132,1.6198837120072371,0.4064333429443471,0.5593996696974862,0.021535367378999255,-0.09519115223996893,4.996003610813204e-16
2.5525440310417067,1.6198837120072371,0.3739424408497994,0.629238838196428,0.06313850243899637,-0.2790863370055402,1.3322676295501878e-15
2.6834437249412812,1.6198837120072371,0.33847533536635577,0.6866005279906284,0.10043885289908458,-0.4439622491161712,-3.0531133177191805e-15
2.8143434188408563,1.6198837120072371,0.30063887850217774,0.7305032646640358,0.13089446151715267,-0.578582867631853,2.9976021664879227e-15
2.945243112740431,1.6198837120072371,0.2610804625244589,0.7601958602200385,0.15242982889615198,-0.6737740198718073,-5.551115123125783e-15
3.0761428066400054,1.6198837120072371,0.220476942898243,0.77517026611633,0.1635773553380812,-0.7230485861217175,5.10702591327572e-15
3.2070425005395804,1.6198837120072371,0.1795230571017572,0.7751702661163271,0.1635773553380812,-0.7230485861217175,-2.4424906541753444e-15
3.337942194439155,1.6198837120072371,0.13891953747554125,0.7601958602200385,0.1524298288961521,-0.6737740198718062,-5.551115123125783e-16
3.4688418883387295,1.6198837120072371,0.09936112149782247,0.7305032646640357,0.13089446151715284,-0.5785828676318574,7.216449660063518e-16
3.5997415822383045,1.6198837120072371,0.06152466463364452,0.6866005279906285,0.10043885289908479,-0.44396224911616977,-1.1102230246251565e-16
3.730641276137879,1.6198837120072371,0.02605755915020072,0.6292388381964289,0.06313850243899657,-0.2790863370055414,-3.3306690738754696e-15
3.8615409700374537,1.6198837120072371,-0.0064333429443470536,0.5593996696974868,0.021535367378999526,-0.0951911522399698,3.497202527569243e-15
3.9924406639370287,1.6198837120072371,-0.03539211330698128,0.4782779900298959,-0.021535367378999266,0.0951911522399769,-3.885780586188048e-16
4.123340357836603,1.6198837120072371,-0.06032325934790997,0.38726181362394224,-0.06313850243899624,0.27908633700551877,3.635980405647388e-15
4.254240051736178,1.6198837120072371,-0.0808002022461533,0.2879084524923859,-0.10043885289908477,0.44396224911618953,-8.18789480661053e-15
4.385139745635753,1.6198837120072371,-0.09647257583144063,0.1819178701901449,-0.13089446151715267,0.5785828676318496,6.189493362285248e-15
4.516039439535327,1.6198837120072371,-0.10707222144652465,0.07110359496654954,-0.152429828896152,0.6737740198718043,-2.220446049250313e-15
4.646939133434902,1.6198837120072371,-0.11241777621615515,-0.042638310205801194,-0.1635773553380812,0.7230485861217171,-3.157196726277789e-15
4.7778388273344765,1.6198837120072371,-0.11241777621615484,-0.15736168979419712,-0.1635773553380812,0.7230485861217176,8.965050923848139e-15
4.908738521234051,1.6198837120072371,-0.10707222144652456,-0.2711035949665487,-0.1524298288961522,0.6737740198718176,-6.598888102615774e-15
5.0396382151336265,1.6198837120072371,-0.09647257583144081,-0.3819178701901444,-0.13089446151715275,0.5785828676318407,1.1102230246251565e-16
5.170537909033201,1.6198837120072371,-0.08080020224615364,-0.4879084524923851,-0.10043885289908482,0.443962249116176,1.0269562977782698e-15
5.301437602932776,1.6198837120072371,-0.06032325934791069,-0.5872618136239411,-0.06313850243899664,0.279086337005543,2.498001805406602e-16
5.43233729683235,1.6198837120072371,-0.03539211330698219,-0.6782779900298972,-0.021535367378999564,0.09519115223995975,-5.856426454897701e-15
5.563236990731925,1.6198837120072371,-0.006433342944347303,-0.7593996696974863,0.02153536737899913,-0.09519115223995817,7.882583474838611e-15
5.694136684631499,1.6198837120072371,0.026057559150200804,-0.8292388381964282,0.0631385024389962,-0.2790863370055407,-4.440892098500626e-15
5.825036378531074,1.6198837120072371,0.06152466463364402,-0.8866005279906253,0.10043885289908447,-0.44396224911616283,-2.7755575615628914e-16
5.955936072430649,1.6198837120072371,0.0993611214978222,-0.9305032646640357,0.1308944615171527,-0.5785828676318642,1.887379141862766e-15
6.086835766330224,1.6198837120072371,0.13891953747554103,-0.9601958602200382,0.15242982889615198,-0.6737740198718045,-1.7763568394002505e-15
6.2177354602297985,1.6198837120072371,0.17952305710175678,-0.9751702661163348,0.16357735533808118,-0.7230485861217207,-2.1649348980190553e-15
0.06544984694978735,1.9144080232812801,0.2126096391765405,-1.0496150757845912,0.1007304380598222,-0.44525112090267716,1.582067810090848e-15
0.19634954084936207,1.9144080232812801,0.23761316310725902,-1.0333668985548778,0.09386582517096494,-0.4149079928254256,3.4416913763379853e-15
0.32724923474893675,1.9144080232812801,0.2619731153888729,-1.0011485549126975,0.08060441141731683,-0.3562895707050032,-5.9674487573602164e-15
0.4581489286485115,1.9144080232812801,0.2852726904839894,-0.953511309650379,0.061849940230666686,-0.27339060313738617,3.219646771412954e-15
0.5890486225480862,1.9144080232812801,0.30711322620286907,-0.891270249241902,0.03888049782915553,-0.17186051776528954,-2.7755575615628914e-17
0.7199483164476609,1.9144080232812801,0.32712102492402045,-0.8154903354873385,0.013261413753648088,-0.058618422120424965,-9.43689570931383e-16
0.8508480103472356,1.9144080232812801,0.34495374766411535,-0.7274681837211856,-0.013261413753648026,0.05861842212042487,2.7755575615628914e-15
0.9817477042468102,1.9144080232812801,0.36030627159290574,-0.6287098773645186,-0.0388804978291555,0.1718605177652912,-3.58046925441613e-15
1.112647398146385,1.9144080232812801,0.372915910769446,-0.5209051984200728,-0.06184994023066662,0.2733906031373835,-4.718447854656915e-16
1.2435470920459597,1.9144080232812801,0.38256691077137395,-0.4058987148336913,-0.0806044114173168,0.35628957070500333,5.093148125467906e-15
1.3744467859455345,1.9144080232812801,0.38909414031289324,-0.2856582194253602,-0.09386582517096494,0.41490799282542673,-4.191091917959966e-15
1.505346479845109,1.9144080232812801,0.3923859166868583,-0.1622410604084773,-0.10073043805982218,0.44525112090267627,-1.4051260155412137e-16
1.6362461737446838,1.9144080232812801,0.3923859166868584,-0.03775893959152349,-0.10073043805982218,0.4452511209026759,1.4051260155412137e-16
1.7671458676442584,1.9144080232812801,0.38909414031289297,0.08565821942536023,-0.09386582517096495,0.41490799282542856,-1.5126788710517758e-15
1.8980455615438332,1.9144080232812801,0.3825669107713737,0.20589871483369127,-0.08060441141731686,0.356289570705001,9.853229343548264e-16
2.028945255443408,1.9144080232812801,0.3729159107694462,0.32090519842007276,-0.06184994023066668,0.2733906031373833,5.551115123125783e-16
2.1598449493429825,1.9144080232812801,0.3603062715929058,0.4287098773645176,-0.038880497829155584,0.17186051776529213,1.582067810090848e-15
2.290744643242557,1.9144080232812801,0.3449537476641152,0.5274681837211873,-0.013261413753648197,0.058618422120429683,-3.6914915568786455e-15
2.421644337142132,1.9144080232812801,0.3271210249240202,0.615490335487336,0.013261413753648017,-0.058618422120429864,1.3600232051658168e-15
2.5525440310417067,1.9144080232812801,0.30711322620286907,0.6912702492419016,0.03888049782915544,-0.1718605177652894,3.4139358007223564e-15
2.6834437249412812,1.9144080232812801,0.2852726904839896,0.7535113096503812,0.061849940230666534,-0.273390603137382,-4.3576253716537394e-15
2.8143434188408563,1.9144080232812801,0.2619731153888728,0.801148554912696,0.0806044114173168,-0.35628957070500566,1.6653345369377348e-15
2.945243112740431,1.9144080232812801,0.23761316310725883,0.8333668985548769,0.09386582517096487,-0.4149079928254255,-2.498001805406602e-16
3.0761428066400054,1.9144080232812801,0.21260963917654058,0.8496150757845934,0.10073043805982215,-0.44525112090267666,5.551115123125783e-17
3.2070425005395804,1.9144080232812801,0.18739036082345945,0.8496150757845902,0.10073043805982218,-0.4452511209026762,2.192690473634684e-15
3.337942194439155,1.9144080232812801,0.16238683689274147,0.833366898554877,0.09386582517096494,-0.4149079928254257,1.2490009027033011e-15
3.4688418883387295,1.9144080232812801,0.13802688461112728,0.8011485549126961,0.08060441141731689,-0.3562895707050069,-4.191091917959966e-15
3.5997415822383045,1.9144080232812801,0.11472730951601057,0.7535113096503815,0.06184994023066671,-0.27339060313738217,5.495603971894525e-15
3.730641276137879,1.9144080232812801,0.0928867737971313,0.6912702492419024,0.03888049782915555,-0.17186051776529032,-4.829470157119431e-15
3.8615409700374537,1.9144080232812801,0.0728789750759797,0.6154903354873364,0.013261413753648182,-0.05861842212043028,2.4702462297909733e-15
3.9924406639370287,1.9144080232812801,0.05504625233588491,0.5274681837211874,-0.013261413753648008,0.05861842212043482,8.326672684688674e-16
4.123340357836603,1.9144080232812801,0.039693728407094675,0.42870987736451927,-0.038880497829155355,0.17186051776527603,2.4424906541753444e-15
4.254240051736178,1.9144080232812801,0.02708408923055379,0.32090519842007187,-0.0618499402306667,0.2733906031373942,-7.716050021144838e-15
4.385139745635753,1.9144080232812801,0.017433089228625943,0.2058987148336921,-0.08060441141731682,0.3562895707050031,3.0253577421035516e-15
4.516039439535327,1.9144080232812801,0.010905859687107073,0.08565821942536023,-0.09386582517096485,0.4149079928254237,2.4494295480792516e-15
4.646939133434902,1.9144080232812801,0.007614083313141692,-0.03775893959152178,-0.10073043805982217,0.4452511209026769,-1.394717674685353e-15
4.7778388273344765,1.9144080232812801,0.0076140833131416365,-0.16224106040847636,-0.1007304380598222,0.44525112090267616,5.464378949326942e-16
4.908738521234051,1.9144080232812801,0.010905859687106948,-0.2856582194253594,-0.09386582517096499,0.41490799282543234,-2.1024848528838902e-15
5.0396382151336265,1.9144080232812801,0.017433089228626082,-0.40589871483369133,-0.08060441141731685,0.3562895707049961,7.494005416219807e-16
5.170537909033201,1.9144080232812801,0.027084089230553818,-0.5209051984200711,-0.06184994023066669,0.27339060313738656,2.1510571102112408e-15
5.301437602932776,1.9144080232812801,0.03969372840709451,-0.6287098773645177,-0.0388804978291556,0.17186051776529107,7.077671781985373e-16
5.43233729683235,1.9144080232812801,0.05504625233588459,-0.7274681837211889,-0.013261413753648213,0.058618422120424715,-6.13398221105399e-15
5.563236990731925,1.9144080232812801,0.07287897507597951,-0.815490335487336,0.013261413753647963,-0.05861842212042412,7.965850201685498e-15
5.694136684631499,1.9144080232812801,0.09288677379713108,-0.8912702492419018,0.03888049782915533,-0.17186051776528852,-4.718447854656915e-15
5.825036378531074,1.9144080232812801,0.11472730951601028,-0.9535113096503781,0.06184994023066651,-0.27339060313737856,2.9976021664879227e-15
5.955936072430649,1.9144080232812801,0.13802688461112722,-1.0011485549126962,0.08060441141731682,-0.35628957070501033,5.828670879282072e-16
6.086835766330224,1.9144080232812801,0.16238683689274097,-1.0333668985548765,0.09386582517096485,-0.41490799282542473,-2.886579864025407e-15
6.2177354602297985,1.9144080232812801,0.18739036082345906,-1.0496150757845986,0.10073043805982217,-0.4452511209026788,-5.551115123125783e-17
0.06544984694978735,2.2089323345553233,0.20425775409285093,-1.087566710640722,0.03401250653720449,-0.15034290480704438,8.049116928532385e-16
0.19634954084936207,2.2089323345553233,0.21270041092555192,-1.0706691704164395,0.03169461042501867,-0.14009728429784055,2.275957200481571e-15
0.32724923474893675,2.2089323345553233,0.22092576020609728,-1.0371632115659946,0.02721677899018804,-0.12030426538545073,-3.878841692284141e-15
0.4581489286485115,2.2089323345553233,0.22879306392779936,-0.9876221303349246,0.02088416904503006,-0.09231270959923879,3.3306690738754696e-16
0.5890486225480862,2.2089323345553233,0.2361677103427517,-0.9228935883584775,0.013128337492174449,-0.05803019520780476,2.7131075164277263e-15
0.7199483164476609,2.2089323345553233,0.2429235172061558,-0.8440851089360129,0.004477831434830623,-0.019793018912391304,-9.645062526431047e-16
0.8508480103472356,2.2089323345553233,0.24894489078951532,-0.7525451270002833,-0.004477831434830561,0.01979301891239077,2.7131075164277263e-15
0.9817477042468102,2.2089323345553233,0.2541288037213787,-0.6498399170218917,-0.013128337492174421,0.05803019520780499,-2.9629076969683865e-15
1.112647398146385,2.2089323345553233,0.2583865578142294,-0.5377267936188304,-0.02088416904503005,0.09231270959923844,-9.020562075079397e-17
1.2435470920459597,2.2089323345553233,0.2616453017150673,-0.41812404341615517,-0.027216778990188047,0.12030426538545036,5.703770789011742e-15
1.3744467859455345,2.2089323345553233,0.2638492774122532,-0.29307810262998324,-0.031694610425018734,0.14009728429784107,-8.668413209456105e-15
1.505346479845109,2.2089323345553233,0.2649607742705511,-0.16472854197644765,-0.03401250653720451,0.15034290480704457,1.1310397063368782e-15
1.6362461737446838,2.2089323345553233,0.26496077427055126,-0.03527145802355336,-0.03401250653720449,0.15034290480704354,9.419548474554063e-16
1.7671458676442584,2.2089323345553233,0.26384927741225306,0.09307810262998317,-0.031694610425018685,0.14009728429784243,5.169475958410885e-16
1.8980455615438332,2.2089323345553233,0.26164530171506695,0.21812404341615516,-0.02721677899018809,0.12030426538544949,-1.745131816832668e-15
2.028945255443408,2.2089323345553233,0.25838655781422937,0.33772679361883046,-0.02088416904503006,0.0923127095992381,1.2698175844150228e-15
2.1598449493429825,2.2089323345553233,0.25412880372137864,0.44983991702189086,-0.013128337492174437,0.05803019520780561,2.3522850334245504e-15
2.290744643242557,2.2089323345553233,0.24894489078951515,0.552545127000285,-0.0044778314348306635,0.019793018912392983,-4.9960036108132044e-15
2.421644337142132,2.2089323345553233,0.2429235172061556,0.6440851089360102,0.004477831434830594,-0.01979301891239342,2.8727020762175925e-15
2.5525440310417067,2.2089323345553233,0.23616771034275197,0.7228935883584771,0.013128337492174395,-0.05803019520780435,2.5396351688300456e-15
2.6834437249412812,2.2089323345553233,0.22879306392779966,0.7876221303349267,0.020884169045029984,-0.0923127095992376,-4.198030811863873e-15
2.8143434188408563,2.2089323345553233,0.2209257602060971,0.8371632115659933,0.02721677899018804,-0.12030426538545089,1.4988010832439613e-15
2.945243112740431,2.2089323345553233,0.2127004109255517,0.8706691704164384,0.03169461042501864,-0.1400972842978418,-9.43689570931383e-16
3.0761428066400054,2.2089323345553233,0.20425775409285088,0.8875667106407246,0.03401250653720447,-0.15034290480704426,4.163336342344337e-17
3.2070425005395804,2.2089323345553233,0.195742245907149,0.8875667106407212,0.03401250653720449,-0.15034290480704343,1.3183898417423734e-15
3.337942194439155,2.2089323345553233,0.18729958907444838,0.8706691704164385,0.03169461042501868,-0.1400972842978412,1.124100812432971e-15
3.4688418883387295,2.2089323345553233,0.17907423979390283,0.8371632115659933,0.02721677899018807,-0.12030426538545133,-2.3175905639050143e-15
3.5997415822383045,2.2089323345553233,0.17120693607220047,0.7876221303349273,0.02088416904503007,-0.0923127095992376,1.8318679906315083e-15
3.730641276137879,2.2089323345553233,0.16383228965724822,0.7228935883584775,0.01312833749217442,-0.05803019520780499,-3.2335245592207684e-15
3.8615409700374537,2.2089323345553233,0.15707648279384412,0.6440851089360111,0.004477831434830652,-0.01979301891239342,1.8110513089197866e-15
3.9924406639370287,2.2089323345553233,0.15105510921048487,0.552545127000285,-0.004477831434830559,0.01979301891239468,9.367506770274758e-16
4.123340357836603,2.2089323345553233,0.1458711962786217,0.4498399170218925,-0.013128337492174355,0.05803019520779973,7.077671781985373e-16
4.254240051736178,2.2089323345553233,0.14161344218577054,0.3377267936188296,-0.020884169045030074,0.09231270959924193,-2.806782584130474e-15
4.385139745635753,2.2089323345553233,0.13835469828493296,0.21812404341615593,-0.027216778990188054,0.12030426538545039,2.7547408798511697e-15
4.516039439535327,2.2089323345553233,0.13615072258774708,0.09307810262998326,-0.031694610425018664,0.14009728429784074,-7.112366251504909e-17
4.646939133434902,2.2089323345553233,0.1350392257294487,-0.03527145802355157,-0.03401250653720451,0.15034290480704426,-2.2854981795994433e-15
4.7778388273344765,2.2089323345553233,0.13503922572944865,-0.16472854197644674,-0.03401250653720451,0.1503429048070436,4.0072112295064244e-16
4.908738521234051,2.2089323345553233,0.13615072258774685,-0.29307810262998246,-0.03169461042501872,0.1400972842978435,-2.3800406090401793e-15
5.0396382151336265,2.2089323345553233,0.13835469828493283,-0.4181240434161551,-0.027216778990188074,0.12030426538544811,1.1796119636642288e-15
5.170537909033201,2.2089323345553233,0.14161344218577052,-0.5377267936188288,-0.020884169045030068,0.09231270959923854,8.98586760555986e-16
5.301437602932776,2.2089323345553233,0.14587119627862163,-0.6498399170218909,-0.01312833749217445,0.05803019520780536,4.3021142204224816e-16
5.43233729683235,2.2089323345553233,0.1510551092104846,-0.7525451270002868,-0.004477831434830667,0.019793018912391526,-5.814793091474257e-15
5.563236990731925,2.2089323345553233,0.15707648279384417,-0.8440851089360102,0.004477831434830597,-0.019793018912391092,7.945033519973776e-15
5.694136684631499,2.2089323345553233,0.16383228965724836,-0.922893588358477,0.013128337492174352,-0.05803019520780531,-5.037636974236648e-15
5.825036378531074,2.2089323345553233,0.1712069360722004,-0.9876221303349237,0.02088416904503002,-0.09231270959923624,2.0747292772682613e-15
5.955936072430649,2.2089323345553233,0.1790742397939028,-1.0371632115659932,0.02721677899018806,-0.12030426538545304,5.898059818321144e-16
6.086835766330224,2.2089323345553233,0.18729958907444816,-1.0706691704164382,0.031694610425018636,-0.14009728429784035,-1.9984014443252818e-15
6.2177354602297985,2.2089323345553233,0.19574224590714892,-1.08756671064073,0.03401250653720447,-0.15034290480704476,-4.163336342344337e-17
0.06544984694978735,2.5034566458293663,0.19574224590714898,-1.087566710640722,-0.03401250653720443,0.15034290480704426,8.881784197001252e-16
0.19634954084936207,2.5034566458293663,0.18729958907444835,-1.0706691704164395,-0.03169461042501863,0.1400972842978429,1.5404344466674047e-15
0.32724923474893675,2.5034566458293663,0.17907423979390283,-1.0371632115659946,-0.027216778990188064,0.12030426538545085,-2.6922908347160046e-15
0.4581489286485115,2.5034566458293663,0.17120693607220017,-0.9876221303349246,-0.02088416904503005,0.09231270959923975,-2.0747292772682613e-15
0.5890486225480862,2.5034566458293663,0.16383228965724805,-0.9228935883584775,-0.01312833749217436,0.058030195207804336,3.219646771412954e-15
0.7199483164476609,2.5034566458293663,0.15707648279384429,-0.8440851089360129,-0.004477831434830567,0.019793018912391516,-3.122502256758253e-16
0.8508480103472356,2.5034566458293663,0.151055109210485,-0.7525451270002833,0.004477831434830609,-0.01979301891239136,2.588207426157396e-15
0.9817477042468102,2.5034566458293663,0.14587119627862166,-0.6498399170218918,0.013128337492174368,-0.05803019520780531,-2.921274333544943e-15
1.112647398146385,2.5034566458293663,0.14161344218577038,-0.5377267936188304,0.020884169045029998,-0.09231270959923903,-2.4528989950312052e-15
1.2435470920459597,2.5034566458293663,0.13835469828493305,-0.4181240434161551,0.02721677899018804,-0.12030426538545047,5.509481759702339e-15
1.3744467859455345,2.5034566458293663,0.13615072258774708,-0.29307810262998335,0.03169461042501859,-0.14009728429784268,-3.958638972179074e-15
1.505346479845109,2.5034566458293663,0.13503922572944857,-0.1647285419764477,0.03401250653720441,-0.15034290480704404,5.178149575790769e-16
1.6362461737446838,2.5034566458293663,0.13503922572944865,-0.03527145802355332,0.034012506537204425,-0.15034290480704454,1.2490009027033011e-15
1.7671458676442584,2.5034566458293663,0.13615072258774702,0.09307810262998319,0.031694610425018616,-0.14009728429784266,4.2500725161431774e-16
1.8980455615438332,2.5034566458293663,0.13835469828493296,0.21812404341615516,0.02721677899018801,-0.12030426538544997,-1.9567680809018384e-15
2.028945255443408,2.5034566458293663,0.14161344218577038,0.33772679361883046,0.020884169045030033,-0.0923127095992386,2.1510571102112408e-16
2.1598449493429825,2.5034566458293663,0.14587119627862163,0.44983991702189086,0.01312833749217443,-0.05803019520780519,3.95516952522712e-15
2.290744643242557,2.5034566458293663,0.15105510921048482,0.552545127000285,0.004477831434830588,-0.01979301891239309,-5.814793091474257e-15
2.421644337142132,2.5034566458293663,0.1570764827938441,0.6440851089360102,-0.004477831434830561,0.019793018912393198,3.913536161803677e-15
2.5525440310417067,2.5034566458293663,0.16383228965724847,0.7228935883584771,-0.013128337492174366,0.05803019520780505,2.130240428499519e-15
2.6834437249412812,2.5034566458293663,0.17120693607220056,0.7876221303349269,-0.02088416904503004,0.09231270959923843,-2.8935187579293142e-15
2.8143434188408563,2.5034566458293663,0.1790742397939027,0.8371632115659934,-0.02721677899018804,0.12030426538545123,3.608224830031759e-16
2.945243112740431,2.5034566458293663,0.18729958907444816,0.8706691704164384,-0.03169461042501862,0.14009728429784254,-1.1102230246251565e-16
3.0761428066400054,2.5034566458293663,0.19574224590714895,0.8875667106407246,-0.03401250653720441,0.15034290480704415,1.0130785099704553e-15
3.2070425005395804,2.5034566458293663,0.20425775409285102,0.8875667106407212,-0.03401250653720442,0.1503429048070446,0.0
3.337942194439155,2.5034566458293663,0.2127004109255519,0.8706691704164384,-0.03169461042501862,0.14009728429784174,6.106226635438361e-16
3.4688418883387295,2.5034566458293663,0.2209257602060972,0.8371632115659934,-0.02721677899018807,0.12030426538545165,-3.247402347028583e-15
3.5997415822383045,2.5034566458293663,0.22879306392779955,0.7876221303349272,-0.02088416904503003,0.09231270959923876,3.726186026398182e-15
3.730641276137879,2.5034566458293663,0.23616771034275175,0.7228935883584775,-0.013128337492174433,0.05803019520780473,-3.552713678800501e-15
3.8615409700374537,2.5034566458293663,0.24292351720615563,0.6440851089360111,-0.004477831434830613,0.019793018912393837,7.840950111415168e-16
3.9924406639370287,2.5034566458293663,0.24894489078951523,0.552545127000285,0.0044778314348306045,-0.01979301891239468,1.6514567491299204e-15
4.123340357836603,2.5034566458293663,0.2541288037213787,0.4498399170218925,0.013128337492174354,-0.0580301952078001,9.922618282587337e-16
4.254240051736178,2.5034566458293663,0.2583865578142295,0.3377267936188296,0.02088416904503,-0.09231270959924268,-4.378442053365461e-15
4.385139745635753,2.5034566458293663,0.26164530171506695,0.218124043416156,0.02721677899018803,-0.12030426538545066,2.4043267377038546e-15
4.516039439535327,2.5034566458293663,0.26384927741225317,0.09307810262998323,0.0316946104250186,-0.1400972842978415,9.367506770274758e-17
4.646939133434902,2.5034566458293663,0.2649607742705514,-0.03527145802355165,0.034012506537204404,-0.1503429048070443,-6.123573870198129e-16
4.7778388273344765,2.5034566458293663,0.26496077427055137,-0.16472854197644676,0.03401250653720442,-0.15034290480704496,4.709774237277031e-16
4.908738521234051,2.5034566458293663,0.26384927741225317,-0.29307810262998246,0.031694610425018616,-0.14009728429784393,7.060324547225605e-16
5.0396382151336265,2.5034566458293663,0.26164530171506695,-0.4181240434161551,0.027216778990187995,-0.12030426538544887,-3.299444051307887e-15
5.170537909033201,2.5034566458293663,0.25838655781422937,-0.5377267936188288,0.020884169045030047,-0.09231270959923908,2.9178048865929895e-15
5.301437602932776,2.5034566458293663,0.2541288037213787,-0.6498399170218909,0.013128337492174425,-0.058030195207805516,2.1163626406917047e-15
5.43233729683235,2.5034566458293663,0.24894489078951504,-0.7525451270002868,0.004477831434830599,-0.01979301891239174,-6.696032617270475e-15
5.563236990731925,2.5034566458293663,0.24292351720615568,-0.8440851089360102,-0.004477831434830495,0.019793018912391304,7.750744490664374e-15
5.694136684631499,2.5034566458293663,0.2361677103427519,-0.922893588358477,-0.01312833749217435,0.05803019520780509,-4.503342143635791e-15
5.825036378531074,2.5034566458293663,0.2287930639277996,-0.9876221303349239,-0.020884169045029956,0.09231270959923603,3.0600522116230877e-15
5.955936072430649,2.5034566458293663,0.22092576020609744,-1.0371632115659932,-0.027216778990188033,0.1203042653854538,-1.8665624601510444e-15
6.086835766330224,2.5034566458293663,0.21270041092555192,-1.0706691704164382,-0.03169461042501862,0.1400972842978411,3.0531133177191805e-16
6.2177354602297985,2.5034566458293663,0.20425775409285096,-1.08756671064073,-0.034012506537204446,0.1503429048070451,-1.2351231148954867e-15
0.06544984694978735,2.7979809571034093,0.18739036082345933,-1.0496150757845912,-0.10073043805982207,0.4452511209026737,5.551115123125783e-16
0.19634954084936207,2.7979809571034093,0.16238683689274125,-1.033366898554878,-0.09386582517096481,0.41490799282542346,4.440892098500626e-16
0.32724923474893675,2.7979809571034093,0.13802688461112733,-1.0011485549126975,-0.08060441141731678,0.3562895707049996,2.498001805406602e-16
0.4581489286485115,2.7979809571034093,0.11472730951601039,-0.9535113096503791,-0.06184994023066663,0.2733906031373849,-5.35682609381638e-15
0.5890486225480862,2.7979809571034093,0.09288677379713105,-0.8912702492419022,-0.03888049782915543,0.17186051776528893,3.83026943495679e-15
0.7199483164476609,2.7979809571034093,0.07287897507597997,-0.8154903354873385,-0.013261413753648027,0.058618422120424965,7.216449660063518e-16
0.8508480103472356,2.7979809571034093,0.055046252335885365,-0.7274681837211856,0.013261413753648057,-0.05861842212042434,2.3037127760972e-15
0.9817477042468102,2.7979809571034093,0.03969372840709494,-0.6287098773645186,0.03888049782915542,-0.1718605177652891,-1.817990202823694e-15
1.112647398146385,2.7979809571034093,0.02708408923055418,-0.5209051984200728,0.06184994023066653,-0.2733906031373828,-9.853229343548264e-16
1.2435470920459597,2.7979809571034093,0.01743308922862656,-0.4058987148336913,0.08060441141731672,-0.3562895707049998,2.5673907444456745e-16
1.3744467859455345,2.7979809571034093,0.01090585968710727,-0.2856582194253603,0.09386582517096478,-0.41490799282542484,-1.096345236817342e-15
1.505346479845109,2.7979809571034093,0.00761408331314193,-0.16224106040847736,0.10073043805982206,-0.44525112090267277,3.1450536619459513e-15
1.6362461737446838,2.7979809571034093,0.007614083313142086,-0.037758939591523474,0.10073043805982206,-0.44525112090267344,1.8214596497756474e-16
1.7671458676442584,2.7979809571034093,0.010905859687107427,0.08565821942536019,0.09386582517096481,-0.414907992825425,-8.118505867571457e-16
1.8980455615438332,2.7979809571034093,0.01743308922862652,0.20589871483369135,0.08060441141731677,-0.35628957070500034,-1.0755285551056204e-15
2.028945255443408,2.7979809571034093,0.027084089230554068,0.3209051984200727,0.06184994023066662,-0.2733906031373817,5.551115123125783e-16
2.1598449493429825,2.7979809571034093,0.039693728407094925,0.42870987736451766,0.03888049782915555,-0.17186051776528968,3.733124920302089e-15
2.290744643242557,2.7979809571034093,0.055046252335885226,0.5274681837211874,0.013261413753648124,-0.05861842212043057,-6.13398221105399e-15
2.421644337142132,2.7979809571034093,0.07287897507597989,0.615490335487336,-0.013261413753647984,0.0586184221204295,3.941291737419306e-15
2.5525440310417067,2.7979809571034093,0.09288677379713169,0.6912702492419018,-0.03888049782915538,0.1718605177652885,2.914335439641036e-15
2.6834437249412812,2.7979809571034093,0.11472730951601087,0.7535113096503813,-0.061849940230666554,0.2733906031373801,-4.829470157119431e-15
2.8143434188408563,2.7979809571034093,0.13802688461112714,0.8011485549126962,-0.08060441141731677,0.35628957070500183,-2.1094237467877974e-15
2.945243112740431,2.7979809571034093,0.16238683689274094,0.833366898554877,-0.0938658251709648,0.4149079928254242,-8.604228440844963e-16
3.0761428066400054,2.7979809571034093,0.18739036082345928,0.8496150757845935,-0.10073043805982201,0.44525112090267305,3.1086244689504383e-15
3.2070425005395804,2.7979809571034093,0.21260963917654052,0.8496150757845902,-0.10073043805982204,0.4452511209026737,-2.1371793224034263e-15
3.337942194439155,2.7979809571034093,0.23761316310725883,0.833366898554877,-0.09386582517096478,0.4149079928254227,6.6058269965196814e-15
3.4688418883387295,2.7979809571034093,0.2619731153888726,0.8011485549126962,-0.08060441141731685,0.3562895707050037,-8.520961713998076e-15
3.5997415822383045,2.7979809571034093,0.2852726904839891,0.7535113096503816,-0.06184994023066659,0.2733906031373803,5.384581669432009e-15
3.730641276137879,2.7979809571034093,0.3071132262028686,0.6912702492419022,-0.03888049782915552,0.1718605177652885,-2.8033131371785203e-15
3.8615409700374537,2.7979809571034093,0.3271210249240198,0.6154903354873369,-0.013261413753648126,0.058618422120430724,3.0531133177191805e-16
3.9924406639370287,2.7979809571034093,0.3449537476641148,0.5274681837211872,0.013261413753648057,-0.058618422120435235,3.219646771412954e-15
4.123340357836603,2.7979809571034093,0.3603062715929054,0.42870987736451927,0.03888049782915532,-0.17186051776527406,-9.298117831235686e-16
4.254240051736178,2.7979809571034093,0.37291591076944586,0.3209051984200718,0.061849940230666575,-0.2733906031373928,-3.7470027081099033e-16
4.385139745635753,2.7979809571034093,0.3825669107713735,0.20589871483369215,0.08060441141731674,-0.356289570705,1.797173521111972e-15
4.516039439535327,2.7979809571034093,0.3890941403128927,0.08565821942536019,0.09386582517096474,-0.4149079928254208,-2.733924198139448e-15
4.646939133434902,2.7979809571034093,0.3923859166868582,-0.03775893959152185,0.10073043805982204,-0.44525112090267405,3.724451302922205e-15
4.7778388273344765,2.7979809571034093,0.3923859166868582,-0.1622410604084765,0.10073043805982203,-0.4452511209026733,-3.535366444040733e-15
4.908738521234051,2.7979809571034093,0.38909414031289263,-0.2856582194253594,0.09386582517096483,-0.41490799282542895,1.790234627208065e-15
5.0396382151336265,2.7979809571034093,0.38256691077137334,-0.4058987148336912,0.08060441141731671,-0.35628957070499345,-1.797173521111972e-15
5.170537909033201,2.7979809571034093,0.37291591076944575,-0.520905198420071,0.061849940230666624,-0.2733906031373843,2.6229018956769323e-15
5.301437602932776,2.7979809571034093,0.3603062715929054,-0.6287098773645177,0.038880497829155536,-0.17186051776529016,9.853229343548264e-16
5.43233729683235,2.7979809571034093,0.3449537476641147,-0.7274681837211889,0.013261413753648126,-0.058618422120424715,-5.745404152435185e-15
5.563236990731925,2.7979809571034093,0.32712102492401995,-0.815490335487336,-0.01326141375364787,0.05861842212042401,7.66053886991358e-15
5.694136684631499,2.7979809571034093,0.3071132262028689,-0.891270249241902,-0.03888049782915532,0.17186051776528885,-4.246603069191224e-15
5.825036378531074,2.7979809571034093,0.2852726904839895,-0.9535113096503781,-0.061849940230666416,0.2733906031373758,2.609024107869118e-15
5.955936072430649,2.7979809571034093,0.26197311538887297,-1.0011485549126962,-0.08060441141731674,0.3562895707050078,8.326672684688674e-17
6.086835766330224,2.7979809571034093,0.237613163107259,-1.0333668985548767,-0.0938658251709648,0.4149079928254213,-1.6930901125533637e-15
6.2177354602297985,2.7979809571034093,0.2126096391765407,-1.0496150757845988,-0.10073043805982208,0.44525112090267616,-1.1102230246251565e-15
0.06544984694978735,3.0925052683774528,0.1795230571017569,-0.9751702661163281,-0.1635773553380813,0.7230485861217215,-2.1094237467877974e-15
0.19634954084936207,3.0925052683774528,0.13891953747554092,-0.9601958602200393,-0.1524298288961521,0.6737740198718087,1.0547118733938987e-15
0.32724923474893675,3.0925052683774528,0.0993611214978224,-0.9305032646640372,-0.13089446151715275,0.5785828676318534,4.3298697960381105e-15
0.4581489286485115,3.0925052683774528,0.06152466463364399,-0.8866005279906262,-0.1004388528990848,0.44396224911617754,-8.049116928532385e-15
0.5890486225480862,3.0925052683774528,0.026057559150200277,-0.8292388381964289,-0.06313850243899645,0.2790863370055425,6.217248937900877e-15
0.7199483164476609,3.0925052683774528,-0.006433342944347331,-0.7593996696974884,-0.021535367378999307,0.09519115223995947,-2.220446049250313e-16
0.8508480103472356,3.0925052683774528,-0.03539211330698194,-0.6782779900298941,0.021535367378999346,-0.09519115223996019,2.4424906541753444e-15
0.9817477042468102,3.0925052683774528,-0.06032325934791058,-0.5872618136239419,0.06313850243899644,-0.2790863370055428,-2.3314683517128287e-15
1.112647398146385,3.0925052683774528,-0.08080020224615388,-0.48790845249238635,0.10043885289908466,-0.44396224911617466,-2.7478019859472624e-15
1.2435470920459597,3.0925052683774528,-0.09647257583144113,-0.38191787019014456,0.13089446151715273,-0.5785828676318542,9.020562075079397e-16
1.3744467859455345,3.0925052683774528,-0.10707222144652512,-0.27110359496654957,0.15242982889615206,-0.6737740198718098,1.8735013540549517e-16
1.505346479845109,3.0925052683774528,-0.11241777621615529,-0.157361689794198,0.16357735533808124,-0.7230485861217207,-9.332812300755222e-16
1.6362461737446838,3.0925052683774528,-0.11241777621615527,-0.04263831020580287,0.16357735533808127,-0.723048586121722,-2.8102520310824275e-16
1.7671458676442584,3.0925052683774528,-0.107072221446525,0.07110359496654949,0.15242982889615211,-0.6737740198718117,1.124100812432971e-15
1.8980455615438332,3.0925052683774528,-0.0964725758314411,0.18191787019014444,0.13089446151715275,-0.5785828676318514,-5.10702591327572e-15
2.028945255443408,3.0925052683774528,-0.08080020224615407,0.2879084524923863,0.10043885289908482,-0.4439622491161749,2.1649348980190553e-15
2.1598449493429825,3.0925052683774528,-0.06032325934791072,0.3872618136239411,0.06313850243899663,-0.279086337005544,3.4139358007223564e-15
2.290744643242557,3.0925052683774528,-0.03539211330698219,0.4782779900298959,0.021535367378999467,-0.09519115223996881,-5.9674487573602164e-15
2.421644337142132,3.0925052683774528,-0.006433342944347692,0.5593996696974863,-0.021535367378999252,0.09519115223996888,4.107825191113079e-15
2.5525440310417067,3.0925052683774528,0.026057559150200582,0.6292388381964282,-0.06313850243899638,0.27908633700554153,1.4988010832439613e-15
2.6834437249412812,3.0925052683774528,0.061524664633644185,0.6866005279906282,-0.10043885289908466,0.44396224911617366,-1.7763568394002505e-15
2.8143434188408563,3.0925052683774528,0.09936112149782216,0.7305032646640359,-0.13089446151715273,0.5785828676318548,6.106226635438361e-16
2.945243112740431,3.0925052683774528,0.13891953747554087,0.7601958602200385,-0.15242982889615206,0.6737740198718081,-2.1094237467877974e-15
3.0761428066400054,3.0925052683774528,0.1795230571017568,0.7751702661163302,-0.16357735533808124,0.7230485861217225,2.275957200481571e-15
3.2070425005395804,3.0925052683774528,0.22047694289824293,0.7751702661163272,-0.16357735533808127,0.7230485861217217,-2.220446049250313e-16
3.337942194439155,3.0925052683774528,0.26108046252445893,0.7601958602200386,-0.15242982889615211,0.6737740198718067,1.1102230246251565e-15
3.4688418883387295,3.0925052683774528,0.3006388785021777,0.7305032646640358,-0.1308944615171529,0.5785828676318596,-3.6637359812630166e-15
3.5997415822383045,3.0925052683774528,0.33847533536635566,0.6866005279906287,-0.10043885289908482,0.44396224911617344,1.3322676295501878e-15
3.730641276137879,3.0925052683774528,0.3739424408497992,0.6292388381964287,-0.06313850243899659,0.27908633700554153,-1.0547118733938987e-15
3.8615409700374537,3.0925052683774528,0.40643334294434696,0.5593996696974872,-0.021535367378999474,0.09519115223996932,-5.551115123125783e-16
3.9924406639370287,3.0925052683774528,0.43539211330698174,0.47827799002989585,0.021535367378999325,-0.09519115223997605,3.497202527569243e-15
4.123340357836603,3.0925052683774528,0.46032325934791074,0.3872618136239422,0.06313850243899628,-0.27908633700552077,-8.881784197001252e-16
4.254240051736178,3.0925052683774528,0.48080020224615366,0.28790845249238584,0.10043885289908475,-0.44396224911619137,-1.1102230246251565e-15
4.385139745635753,3.0925052683774528,0.4964725758314408,0.18191787019014494,0.13089446151715273,-0.5785828676318502,2.498001805406602e-16
4.516039439535327,3.0925052683774528,0.5070722214465252,0.07110359496654961,0.15242982889615206,-0.6737740198718094,2.456368441983159e-15
4.646939133434902,3.0925052683774528,0.5124177762161555,-0.042638310205801194,0.16357735533808124,-0.7230485861217198,3.469446951953614e-18
4.7778388273344765,3.0925052683774528,0.5124177762161554,-0.15736168979419718,0.16357735533808127,-0.7230485861217223,-1.97758476261356e-15
4.908738521234051,3.0925052683774528,0.5070722214465253,-0.27110359496654873,0.15242982889615214,-0.6737740198718177,3.3861802251067274e-15
5.0396382151336265,3.0925052683774528,0.496472575831441,-0.38191787019014445,0.13089446151715267,-0.5785828676318424,-7.743805596760467e-15
5.170537909033201,3.0925052683774528,0.4808002022461537,-0.48790845249238507,0.10043885289908482,-0.4439622491161789,2.3037127760972e-15
5.301437602932776,3.0925052683774528,0.4603232593479113,-0.5872618136239411,0.06313850243899663,-0.27908633700554386,3.1363800445660672e-15
5.43233729683235,3.0925052683774528,0.43539211330698224,-0.6782779900298972,0.021535367378999488,-0.09519115223996019,-6.439293542825908e-15
5.563236990731925,3.0925052683774528,0.4064333429443475,-0.7593996696974861,-0.02153536737899907,0.09519115223995894,7.327471962526033e-15
5.694136684631499,3.0925052683774528,0.3739424408497998,-0.8292388381964284,-0.06313850243899626,0.27908633700554114,-3.7192471324942744e-15
5.825036378531074,3.0925052683774528,0.3384753353663561,-0.8866005279906253,-0.10043885289908451,0.44396224911616544,1.4432899320127035e-15
5.955936072430649,3.0925052683774528,0.30063887850217813,-0.9305032646640359,-0.13089446151715275,0.5785828676318654,-1.0547118733938987e-15
6.086835766330224,3.0925052683774528,0.26108046252445916,-0.9601958602200384,-0.1524298288961521,0.6737740198718085,-1.6653345369377348e-16
6.2177354602297985,3.0925052683774528,0.22047694289824316,-0.9751702661163348,-0.1635773553380813,0.7230485861217242,1.2212453270876722e-15
0.06544984694978735,3.3870295796514958,0.1724426708120323,-0.8670931539223542,-0.22013808658593564,0.9730596996664247,-1.3322676295501878e-15
0.19634954084936207,3.3870295796514958,0.11779952597883803,-0.8539679773803408,-0.20513603978049302,0.90674728919134,-1.9984014443252818e-15
0.32724923474893675,3.3870295796514958,0.06456285404642323,-0.8279421997059344,-0.17615431086734418,0.7786415494286169,5.828670879282072e-15
0.4581489286485115,3.3870295796514958,0.013643549231544705,-0.7894611291708518,-0.13516795677734872,0.5974726748383329,-7.66053886991358e-15
0.5890486225480862,3.3870295796514958,-0.034087145042916295,-0.7391831875609185,-0.08497012980858691,0.3755870248280917,3.9968028886505635e-15
0.7199483164476609,3.3870295796514958,-0.0778125433644744,-0.6779686443967592,-0.028981728913148794,0.12810573976272555,1.3877787807814457e-15
0.8508480103472356,3.3870295796514958,-0.11678449204487795,-0.6068648974837869,0.028981728913148826,-0.12810573976272566,6.661338147750939e-16
0.9817477042468102,3.3870295796514958,-0.1503361702371397,-0.5270885516453705,0.08497012980858691,-0.3755870248280941,9.159339953157541e-16
1.112647398146385,3.3870295796514958,-0.1778934994251076,-0.4400046022769837,0.13516795677734855,-0.5974726748383242,-3.913536161803677e-15
1.2435470920459597,3.3870295796514958,-0.19898496606603983,-0.3471030798965532,0.1761543108673442,-0.7786415494286212,6.827871601444713e-15
1.3744467859455345,3.3870295796514958,-0.21324968931805105,-0.2499735553091763,0.20513603978049297,-0.9067472891913417,-5.204170427930421e-15
1.505346479845109,3.3870295796514958,-0.22044359581137102,-0.15027794160993402,0.2201380865859356,-0.9730596996664218,1.880440247958859e-15
1.6362461737446838,3.3870295796514958,-0.22044359581137088,-0.04972205839006705,0.22013808658593562,-0.9730596996664218,4.2674197509029455e-16
1.7671458676442584,3.3870295796514958,-0.213249689318051,0.04997355530917624,0.20513603978049308,-0.9067472891913471,1.6930901125533637e-15
1.8980455615438332,3.3870295796514958,-0.19898496606603983,0.14710307989655308,0.1761543108673442,-0.7786415494286134,-2.525757381022231e-15
2.028945255443408,3.3870295796514958,-0.17789349942510788,0.24000460227698417,0.13516795677734872,-0.5974726748383283,2.498001805406602e-16
2.1598449493429825,3.3870295796514958,-0.15033617023714008,0.32708855164536965,0.0849701298085871,-0.3755870248280913,5.218048215738236e-15
2.290744643242557,3.3870295796514958,-0.11678449204487815,0.4068648974837882,0.028981728913149006,-0.128105739762738,-6.217248937900877e-15
2.421644337142132,3.3870295796514958,-0.07781254336447435,0.47796864439675724,-0.028981728913148715,0.12810573976273731,4.496403249731884e-15
2.5525440310417067,3.3870295796514958,-0.03408714504291563,0.5391831875609181,-0.08497012980858679,0.3755870248280899,9.992007221626409e-16
2.6834437249412812,3.3870295796514958,0.01364354923154526,0.5894611291708536,-0.1351679567773485,0.5974726748383218,1.4988010832439613e-15
2.8143434188408563,3.3870295796514958,0.06456285404642319,0.6279421997059335,-0.1761543108673442,0.7786415494286234,-9.603429163007604e-15
2.945243112740431,3.3870295796514958,0.11779952597883794,0.6539679773803401,-0.20513603978049294,0.9067472891913403,7.382983113757291e-15
3.0761428066400054,3.3870295796514958,0.17244267081203224,0.6670931539223561,-0.2201380865859356,0.9730596996664237,-3.3861802251067274e-15
3.2070425005395804,3.3870295796514958,0.22755732918796745,0.6670931539223535,-0.2201380865859356,0.9730596996664224,1.7208456881689926e-15
3.337942194439155,3.3870295796514958,0.28220047402116155,0.6539679773803402,-0.20513603978049305,0.9067472891913404,2.220446049250313e-16
3.4688418883387295,3.3870295796514958,0.33543714595357643,0.6279421997059333,-0.17615431086734432,0.7786415494286254,6.106226635438361e-16
3.5997415822383045,3.3870295796514958,0.3863564507684548,0.5894611291708538,-0.13516795677734872,0.5974726748383214,-1.7208456881689926e-15
3.730641276137879,3.3870295796514958,0.43408714504291557,0.5391831875609185,-0.08497012980858708,0.3755870248280932,2.220446049250313e-16
3.8615409700374537,3.3870295796514958,0.4778125433644739,0.4779686443967579,-0.028981728913149027,0.12810573976273743,-2.609024107869118e-15
3.9924406639370287,3.3870295796514958,0.5167844920448779,0.4068648974837885,0.02898172891314879,-0.12810573976274722,4.3298697960381105e-15
4.123340357836603,3.3870295796514958,0.55033617023714,0.32708855164537043,0.08497012980858665,-0.3755870248280587,-3.608224830031759e-16
4.254240051736178,3.3870295796514958,0.5778934994251077,0.2400046022769836,0.13516795677734866,-0.5974726748383518,1.3322676295501878e-15
4.385139745635753,3.3870295796514958,0.59898496606604,0.1471030798965531,0.17615431086734412,-0.7786415494286166,-1.7763568394002505e-15
4.516039439535327,3.3870295796514958,0.613249689318051,0.0499735553091763,0.20513603978049288,-0.9067472891913366,-5.925815393936773e-15
4.646939133434902,3.3870295796514958,0.6204435958113709,-0.04972205839006534,0.2201380865859356,-0.9730596996664221,6.692563170318522e-15
4.7778388273344765,3.3870295796514958,0.620443595811371,-0.15027794160993302,0.22013808658593562,-0.9730596996664237,-3.864963904476326e-15
4.908738521234051,3.3870295796514958,0.6132496893180512,-0.2499735553091755,0.20513603978049313,-0.906747289191355,4.6074255521944e-15
5.0396382151336265,3.3870295796514958,0.59898496606604,-0.34710307989655365,0.17615431086734412,-0.7786415494286029,-6.9111383282915995e-15
5.170537909033201,3.3870295796514958,0.5778934994251077,-0.4400046022769829,0.13516795677734875,-0.5974726748383319,3.941291737419306e-15
5.301437602932776,3.3870295796514958,0.5503361702371402,-0.5270885516453693,0.08497012980858712,-0.37558702482809225,1.6653345369377348e-15
5.43233729683235,3.3870295796514958,0.5167844920448782,-0.6068648974837898,0.028981728913149055,-0.12810573976272743,-4.551914400963142e-15
5.563236990731925,3.3870295796514958,0.47781254336447454,-0.677968644396757,-0.028981728913148482,0.12810573976272444,4.884981308350689e-15
5.694136684631499,3.3870295796514958,0.4340871450429161,-0.7391831875609179,-0.0849701298085866,0.37558702482809087,-2.7200464103316335e-15
5.825036378531074,3.3870295796514958,0.3863564507684553,-0.7894611291708513,-0.1351679567773483,0.5974726748383116,5.551115123125783e-17
5.955936072430649,3.3870295796514958,0.33543714595357715,-0.8279421997059331,-0.17615431086734415,0.7786415494286367,1.7763568394002505e-15
6.086835766330224,3.3870295796514958,0.28220047402116233,-0.8539679773803399,-0.20513603978049297,0.9067472891913371,9.43689570931383e-16
6.2177354602297985,3.3870295796514958,0.22755732918796798,-0.86709315392236,-0.22013808658593564,0.9730596996664276,-2.1649348980190553e-15
0.06544984694978735,3.6815538909255388,0.166421297228673,-0.7295370820139412,-0.2682390346211538,1.185676674651115,5.551115123125783e-16
0.19634954084936207,3.6815538909255388,0.09983843260021137,-0.7187655280000291,-0.24995898769768618,1.1048747686969942,-3.9968028886505635e-15
0.32724923474893675,3.6815538909255388,0.03496936015999358,-0.6974067242478216,-0.2146446488393793,0.9487774731480565,8.43769498715119e-15
0.4581489286485115,3.6815538909255388,-0.027075992277424826,-0.6658261258112975,-0.16470263187972267,0.7280225607329888,-1.4377388168895777e-14
0.5890486225480862,3.6815538909255388,-0.08523601152961738,-0.6245640854855035,-0.10353640274143115,0.4576541139181282,9.381384558082573e-15
0.7199483164476609,3.6815538909255388,-0.1385155635421745,-0.5743266082204127,-0.0353143388583068,0.1560972955489379,-5.551115123125783e-17
0.8508480103472356,3.6815538909255388,-0.18600302040828015,-0.5159732711804872,0.03531433885830685,-0.15609729554893848,1.609823385706477e-15
0.9817477042468102,3.6815538909255388,-0.2268858585749442,-0.4505025161410866,0.10353640274143117,-0.45765411391812993,1.4432899320127035e-15
1.112647398146385,3.6815538909255388,-0.2604645613462715,-0.37903456587285467,0.16470263187972245,-0.7280225607329835,-6.800116025829084e-15
1.2435470920459597,3.6815538909255388,-0.28616458780806875,-0.30279225681954103,0.21464464883937928,-0.948777473148056,3.191891195797325e-15
1.3744467859455345,3.6815538909255388,-0.3035462033821811,-0.22308011602741,0.24995898769768615,-1.104874768696997,-1.0408340855860843e-15
1.505346479845109,3.6815538909255388,-0.3123120038070415,-0.1412620403257949,0.2682390346211538,-1.185676674651112,7.008282842946301e-16
1.6362461737446838,3.6815538909255388,-0.3123120038070414,-0.058737959674206155,0.26823903462115384,-1.185676674651117,1.7416623698807143e-15
1.7671458676442584,3.6815538909255388,-0.30354620338218075,0.023080116027409905,0.24995898769768624,-1.1048747686969975,2.498001805406602e-16
1.8980455615438332,3.6815538909255388,-0.2861645878080684,0.10279225681954099,0.21464464883937937,-0.9487774731480574,-2.7200464103316335e-15
2.028945255443408,3.6815538909255388,-0.2604645613462717,0.17903456587285532,0.16470263187972262,-0.7280225607329802,-4.6351811278100286e-15
2.1598449493429825,3.6815538909255388,-0.22688585857494437,0.25050251614108576,0.10353640274143143,-0.4576541139181331,7.771561172376096e-15
2.290744643242557,3.6815538909255388,-0.18600302040828015,0.3159732711804882,0.03531433885830705,-0.1560972955489503,-7.216449660063518e-15
2.421644337142132,3.6815538909255388,-0.1385155635421747,0.37432660822041086,-0.03531433885830672,0.1560972955489502,5.218048215738236e-15
2.5525440310417067,3.6815538909255388,-0.08523601152961671,0.4245640854855034,-0.10353640274143107,0.4576541139181293,-3.885780586188048e-16
2.6834437249412812,3.6815538909255388,-0.027075992277424576,0.46582612581129884,-0.16470263187972242,0.7280225607329774,-3.164135620181696e-15
2.8143434188408563,3.6815538909255388,0.034969360159993385,0.49740672424782095,-0.21464464883937928,0.9487774731480628,9.992007221626409e-16
2.945243112740431,3.6815538909255388,0.09983843260021147,0.5187655280000284,-0.24995898769768612,1.104874768696992,-5.551115123125783e-16
3.0761428066400054,3.6815538909255388,0.16642129722867266,0.5295370820139428,-0.2682390346211538,1.185676674651115,-3.6637359812630166e-15
3.2070425005395804,3.6815538909255388,0.2335787027713268,0.5295370820139407,-0.2682390346211538,1.1856766746511171,5.662137425588298e-15
3.337942194439155,3.6815538909255388,0.30016156739978833,0.5187655280000285,-0.24995898769768624,1.1048747686969915,-1.5543122344752192e-15
3.4688418883387295,3.6815538909255388,0.36503063984000605,0.49740672424782084,-0.2146446488393795,0.9487774731480658,-3.164135620181696e-15
3.5997415822383045,3.6815538909255388,0.42707599227742415,0.4658261258112991,-0.16470263187972264,0.7280225607329793,3.6637359812630166e-15
3.730641276137879,3.6815538909255388,0.4852360115296167,0.4245640854855037,-0.10353640274143136,0.4576541139181278,-3.3306690738754696e-16
3.8615409700374537,3.6815538909255388,0.5385155635421742,0.3743266082204113,-0.03531433885830709,0.15609729554895352,-2.609024107869118e-15
3.9924406639370287,3.6815538909255388,0.58600302040828,0.31597327118048857,0.0353143388583068,-0.15609729554896443,4.274358644806853e-15
4.123340357836603,3.6815538909255388,0.6268858585749444,0.25050251614108676,0.10353640274143086,-0.4576541139180922,-3.774758283725532e-15
4.254240051736178,3.6815538909255388,0.6604645613462714,0.17903456587285443,0.16470263187972262,-0.7280225607330093,5.745404152435185e-15
4.385139745635753,3.6815538909255388,0.6861645878080687,0.10279225681954138,0.21464464883937928,-0.9487774731480563,-9.71445146547012e-16
4.516039439535327,3.6815538909255388,0.7035462033821805,0.0230801160274099,0.24995898769768607,-1.10487476869699,-3.1363800445660672e-15
4.646939133434902,3.6815538909255388,0.7123120038070415,-0.058737959674204976,0.2682390346211538,-1.1856766746511127,8.86096751528953e-15
4.7778388273344765,3.6815538909255388,0.7123120038070415,-0.14126204032579395,0.2682390346211538,-1.1856766746511191,-1.3003487175922146e-14
4.908738521234051,3.6815538909255388,0.7035462033821811,-0.22308011602740951,0.24995898769768632,-1.1048747686970066,1.0172418463127997e-14
5.0396382151336265,3.6815538909255388,0.6861645878080689,-0.30279225681954147,0.21464464883937928,-0.9487774731480423,-5.10702591327572e-15
5.170537909033201,3.6815538909255388,0.6604645613462713,-0.3790345658728538,0.16470263187972267,-0.7280225607329861,5.551115123125783e-16
5.301437602932776,3.6815538909255388,0.6268858585749447,-0.4505025161410854,0.10353640274143146,-0.45765411391813215,3.164135620181696e-15
5.43233729683235,3.6815538909255388,0.5860030204082803,-0.5159732711804899,0.035314338858307134,-0.15609729554893814,-3.608224830031759e-15
5.563236990731925,3.6815538909255388,0.5385155635421746,-0.5743266082204106,-0.035314338858306434,0.15609729554893617,4.107825191113079e-15
5.694136684631499,3.6815538909255388,0.4852360115296172,-0.6245640854855032,-0.10353640274143078,0.45765411391812716,-2.7200464103316335e-15
5.825036378531074,3.6815538909255388,0.427075992277425,-0.6658261258112972,-0.16470263187972212,0.728022560732965,2.831068712794149e-15
5.955936072430649,3.6815538909255388,0.3650306398400071,-0.6974067242478206,-0.21464464883937925,0.9487774731480789,-7.771561172376096e-16
6.086835766330224,3.6815538909255388,0.30016156739978894,-0.7187655280000282,-0.2499589876976861,1.1048747686969895,-1.5543122344752192e-15
6.2177354602297985,3.6815538909255388,0.23357870277132728,-0.729537082013946,-0.2682390346211538,1.1856766746511194,2.220446049250313e-16
0.06544984694978735,3.9760782021995817,0.16169033436166175,-0.5677882530921953,-0.3060317069860647,1.3527287599641022,-6.772360450213455e-15
0.19634954084936207,3.9760782021995817,0.08572649208550402,-0.5597842663863819,-0.2851761518962724,1.2605425304625266,6.8833827526759706e-15
0.32724923474893675,3.9760782021995817,0.011717901212365794,-0.5439132434064157,-0.24488631333062288,1.0824524106549491,2.3314683517128287e-15
0.4581489286485115,3.9760782021995817,-0.05906913074885725,-0.5204467417557621,-0.18790787720525884,0.8305949478984269,-9.880984919163893e-15
0.5890486225480862,3.9760782021995817,-0.12542341805543408,-0.4897862797838088,-0.11812382978080578,0.5221338120656752,7.93809462606987e-15
0.7199483164476609,3.9760782021995817,-0.186209620454665,-0.4524564664955818,-0.04028983856564948,0.17809011980757677,-2.220446049250313e-16
0.8508480103472356,3.9760782021995817,-0.24038766917038082,-0.4090960253462193,0.04028983856564951,-0.1780901198075766,1.7208456881689926e-15
0.9817477042468102,3.9760782021995817,-0.2870305627680624,-0.36044686550557614,0.11812382978080578,-0.5221338120656762,-2.7755575615628914e-16
1.112647398146385,3.9760782021995817,-0.32534022840640053,-0.3073413875866192,0.18790787720525867,-0.8305949478984227,-2.942091015256665e-15
1.2435470920459597,3.9760782021995817,-0.3546611770848767,-0.2506882410401622,0.24488631333062286,-1.0824524106549496,1.6653345369377348e-16
1.3744467859455345,3.9760782021995817,-0.3744917192422996,-0.1914567769108344,0.28517615189627243,-1.2605425304625302,-1.0408340855860843e-15
1.505346479845109,3.9760782021995817,-0.38449254880429057,-0.13066046197195388,0.3060317069860647,-1.3527287599640985,8.291978215169138e-15
1.6362461737446838,3.9760782021995817,-0.3844925488042904,-0.06933953802804677,0.3060317069860647,-1.3527287599641054,-3.2959746043559335e-15
1.7671458676442584,3.9760782021995817,-0.3744917192422995,-0.008543223089165386,0.2851761518962725,-1.2605425304625268,7.077671781985373e-16
1.8980455615438332,3.9760782021995817,-0.35466117708487677,0.05068824104016189,0.24488631333062297,-1.0824524106549491,-8.326672684688674e-17
2.028945255443408,3.9760782021995817,-0.3253402284064008,0.10734138758661943,0.18790787720525887,-0.830594947898422,-2.7755575615628914e-15
2.1598449493429825,3.9760782021995817,-0.2870305627680626,0.16044686550557546,0.11812382978080609,-0.5221338120656772,8.43769498715119e-15
2.290744643242557,3.9760782021995817,-0.2403876691703809,0.2090960253462203,0.04028983856564975,-0.1780901198075901,-7.882583474838611e-15
2.421644337142132,3.9760782021995817,-0.18620962045466527,0.25245646649558046,-0.040289838565649376,0.17809011980759015,4.107825191113079e-15
2.5525440310417067,3.9760782021995817,-0.1254234180554336,0.2897862797838086,-0.11812382978080564,0.5221338120656753,1.3322676295501878e-15
2.6834437249412812,3.9760782021995817,-0.05906913074885656,0.32044674175576326,-0.18790787720525856,0.8305949478984159,4.107825191113079e-15
2.8143434188408563,3.9760782021995817,0.011717901212365628,0.34391324340641516,-0.24488631333062288,1.0824524106549542,-8.992806499463768e-15
2.945243112740431,3.9760782021995817,0.08572649208550401,0.35978426638638117,-0.2851761518962724,1.2605425304625264,2.220446049250313e-15
3.0761428066400054,3.9760782021995817,0.16169033436166202,0.3677882530921964,-0.30603170698606463,1.352728759964102,-3.3306690738754696e-16
3.2070425005395804,3.9760782021995817,0.23830966563833772,0.367788253092195,-0.3060317069860647,1.3527287599641056,-7.771561172376096e-16
3.337942194439155,3.9760782021995817,0.3142735079144955,0.35978426638638134,-0.2851761518962725,1.2605425304625184,0.0
3.4688418883387295,3.9760782021995817,0.38828209878763403,0.34391324340641516,-0.24488631333062313,1.082452410654962,-3.3306690738754696e-15
3.5997415822383045,3.9760782021995817,0.45906913074885647,0.32044674175576343,-0.1879078772052589,0.8305949478984173,1.5543122344752192e-15
3.730641276137879,3.9760782021995817,0.5254234180554334,0.28978627978380883,-0.11812382978080603,0.5221338120656762,6.106226635438361e-16
3.8615409700374537,3.9760782021995817,0.5862096204546645,0.25245646649558084,-0.04028983856564979,0.17809011980759126,-2.886579864025407e-15
3.9924406639370287,3.9760782021995817,0.6403876691703805,0.20909602534622018,0.04028983856564945,-0.1780901198076054,2.942091015256665e-15
4.123340357836603,3.9760782021995817,0.6870305627680624,0.16044686550557674,0.11812382978080546,-0.5221338120656347,1.27675647831893e-15
4.254240051736178,3.9760782021995817,0.7253402284064004,0.10734138758661879,0.18790787720525878,-0.8305949478984508,1.7208456881689926e-15
4.385139745635753,3.9760782021995817,0.7546611770848768,0.0506882410401626,0.24488631333062283,-1.0824524106549485,1.582067810090848e-15
4.516039439535327,3.9760782021995817,0.7744917192422993,-0.008543223089165414,0.28517615189627227,-1.2605425304625189,-7.91033905045424e-15
4.646939133434902,3.9760782021995817,0.7844925488042908,-0.0693395380280459,0.3060317069860647,-1.3527287599641031,1.2823075934420558e-14
4.7778388273344765,3.9760782021995817,0.7844925488042911,-0.13066046197195336,0.3060317069860647,-1.3527287599641051,-5.752343046339092e-15
4.908738521234051,3.9760782021995817,0.7744917192422998,-0.1914567769108344,0.28517615189627255,-1.2605425304625393,2.9004576518332215e-15
5.0396382151336265,3.9760782021995817,0.7546611770848768,-0.25068824104016185,0.24488631333062283,-1.0824524106549334,-4.246603069191224e-15
5.170537909033201,3.9760782021995817,0.7253402284064003,-0.3073413875866186,0.18790787720525887,-0.8305949478984259,-2.6645352591003757e-15
5.301437602932776,3.9760782021995817,0.6870305627680628,-0.3604468655055755,0.11812382978080613,-0.5221338120656793,5.440092820663267e-15
5.43233729683235,3.9760782021995817,0.6403876691703814,-0.40909602534622125,0.040289838565649855,-0.17809011980757622,-3.3306690738754696e-15
5.563236990731925,3.9760782021995817,0.5862096204546654,-0.45245646649558025,-0.04028983856564905,0.17809011980757433,2.886579864025407e-15
5.694136684631499,3.9760782021995817,0.525423418055434,-0.4897862797838088,-0.11812382978080535,0.5221338120656739,-3.1086244689504383e-15
5.825036378531074,3.9760782021995817,0.45906913074885725,-0.5204467417557618,-0.18790787720525826,0.8305949478984014,5.551115123125783e-16
5.955936072430649,3.9760782021995817,0.38828209878763503,-0.5439132434064149,-0.24488631333062277,1.0824524106549736,3.219646771412954e-15
6.086835766330224,3.9760782021995817,0.31427350791449654,-0.5597842663863813,-0.2851761518962723,1.2605425304625197,-3.3306690738754696e-16
6.2177354602297985,3.9760782021995817,0.23830966563833836,-0.5677882530921989,-0.3060317069860647,1.3527287599641085,-4.551914400963142e-15
0.06544984694978735,4.270602513473625,0.15843159046082453,-0.3880625839427909,-0.3320637524760596,1.4677962376507026,-1.0103029524088925e-14
0.19634954084936207,4.270602513473625,0.07600601839462949,-0.3831337532654929,-0.30943415650611333,1.3677683497027724,6.994405055138486e-15
0.32724923474893675,4.270602513473625,-0.004297982268670342,-0.3733604255703159,-0.26571713413439735,1.174529309066684,5.10702591327572e-15
0.4581489286485115,4.270602513473625,-0.08110638781325283,-0.3589098252038019,-0.20389192818974858,0.9012480370191431,-1.4099832412739488e-14
0.5890486225480862,4.270602513473625,-0.15310498512493553,-0.3400292059446862,-0.128171824286311,0.5665482006315551,7.66053886991358e-15
0.7199483164476609,4.270602513473625,-0.21906185824193244,-0.317041620423189,-0.043717022371716,0.19323904063609704,2.831068712794149e-15
0.8508480103472356,4.270602513473625,-0.27784846677851305,-0.29034039260094424,0.043717022371716034,-0.1932390406360976,1.3877787807814457e-15
0.9817477042468102,4.270602513473625,-0.3284589555638891,-0.26038238788897117,0.12817182428631096,-0.5665482006315561,-9.992007221626409e-16
1.112647398146385,4.270602513473625,-0.3700273651030648,-0.22768019605381953,0.20389192818974836,-0.9012480370191371,-5.773159728050814e-15
1.2435470920459597,4.270602513473625,-0.4018424483838834,-0.19279336066454866,0.26571713413439735,-1.1745293090666848,7.688294445529209e-15
1.3744467859455345,4.270602513473625,-0.4233598405106031,-0.15631880514712726,0.30943415650611333,-1.367768349702776,-8.867906409193438e-15
1.505346479845109,4.270602513473625,-0.4342113729381878,-0.11888061925911583,0.33206375247605957,-1.467796237650699,1.790234627208065e-15
1.6362461737446838,4.270602513473625,-0.43421137293818757,-0.08111938074088448,0.3320637524760596,-1.4677962376507017,5.204170427930421e-16
1.7671458676442584,4.270602513473625,-0.42335984051060294,-0.043681194852872626,0.3094341565061135,-1.3677683497027804,1.7486012637846216e-15
1.8980455615438332,4.270602513473625,-0.4018424483838832,-0.007206639335451744,0.2657171341343974,-1.1745293090666802,-3.3306690738754696e-15
2.028945255443408,4.270602513473625,-0.3700273651030649,0.02768019605381953,0.20389192818974855,-0.9012480370191354,-3.941291737419306e-15
2.1598449493429825,4.270602513473625,-0.32845895556388954,0.060382387888971004,0.1281718242863113,-0.5665482006315582,6.439293542825908e-15
2.290744643242557,4.270602513473625,-0.27784846677851344,0.09034039260094474,0.043717022371716346,-0.1932390406361152,-6.6058269965196814e-15
2.421644337142132,4.270602513473625,-0.21906185824193253,0.11704162042318829,-0.04371702237171588,0.1932390406361148,6.994405055138486e-15
2.5525440310417067,4.270602513473625,-0.15310498512493464,0.14002920594468604,-0.12817182428631083,0.5665482006315515,-4.440892098500626e-16
2.6834437249412812,4.270602513473625,-0.08110638781325233,0.15890982520380273,-0.2038919281897483,0.9012480370191331,-1.3322676295501878e-15
2.8143434188408563,4.270602513473625,-0.004297982268671036,0.1733604255703154,-0.26571713413439735,1.1745293090666888,-1.0325074129013956e-14
2.945243112740431,4.270602513473625,0.07600601839462946,0.18313375326549255,-0.3094341565061133,1.3677683497027728,1.0880185641326534e-14
3.0761428066400054,4.270602513473625,0.15843159046082478,0.1880625839427915,-0.33206375247605957,1.467796237650702,-3.4416913763379853e-15
3.2070425005395804,4.270602513473625,0.24156840953917497,0.18806258394279046,-0.3320637524760596,1.467796237650702,-3.9968028886505635e-15
3.337942194439155,4.270602513473625,0.3239939816053702,0.1831337532654927,-0.30943415650611344,1.3677683497027702,1.1546319456101628e-14
3.4688418883387295,4.270602513473625,0.4042979822686705,0.1733604255703155,-0.2657171341343977,1.1745293090666964,-1.3766765505351941e-14
3.5997415822383045,4.270602513473625,0.48110638781325177,0.15890982520380273,-0.20389192818974863,0.9012480370191311,2.1094237467877974e-15
3.730641276137879,4.270602513473625,0.5531049851249347,0.14002920594468632,-0.12817182428631124,0.5665482006315565,4.773959005888173e-15
3.8615409700374537,4.270602513473625,0.6190618582419323,0.11704162042318857,-0.043717022371716374,0.1932390406361152,-3.552713678800501e-15
3.9924406639370287,4.270602513473625,0.677848466778513,0.09034039260094463,0.04371702237171594,-0.19323904063612857,1.9984014443252818e-15
4.123340357836603,4.270602513473625,0.7284589555638892,0.06038238788897178,0.12817182428631058,-0.5665482006315088,-2.4980018054066022e-15
4.254240051736178,4.270602513473625,0.7700273651030649,0.027680196053819224,0.20389192818974852,-0.901248037019172,8.604228440844963e-15
4.385139745635753,4.270602513473625,0.801842448383884,-0.007206639335451091,0.26571713413439724,-1.174529309066682,-2.3869795029440866e-15
4.516039439535327,4.270602513473625,0.8233598405106028,-0.043681194852872765,0.30943415650611317,-1.3677683497027657,-9.853229343548264e-15
4.646939133434902,4.270602513473625,0.8342113729381874,-0.08111938074088375,0.33206375247605957,-1.4677962376507026,8.201772594418344e-15
4.7778388273344765,4.270602513473625,0.8342113729381878,-0.11888061925911543,0.3320637524760596,-1.4677962376507026,-2.921274333544943e-15
4.908738521234051,4.270602513473625,0.8233598405106034,-0.15631880514712726,0.30943415650611356,-1.3677683497027928,2.5396351688300456e-15
5.0396382151336265,4.270602513473625,0.8018424483838835,-0.19279336066454844,0.2657171341343973,-1.1745293090666629,-6.716849298982197e-15
5.170537909033201,4.270602513473625,0.7700273651030647,-0.22768019605381917,0.20389192818974863,-0.9012480370191428,3.9968028886505635e-15
5.301437602932776,4.270602513473625,0.7284589555638898,-0.26038238788897083,0.12817182428631135,-0.5665482006315588,1.6653345369377348e-15
5.43233729683235,4.270602513473625,0.6778484667785136,-0.2903403926009455,0.04371702237171642,-0.19323904063609781,-1.4432899320127035e-15
5.563236990731925,4.270602513473625,0.6190618582419326,-0.3170416204231882,-0.04371702237171554,0.19323904063609426,-8.881784197001252e-16
5.694136684631499,4.270602513473625,0.5531049851249353,-0.3400292059446862,-0.12817182428631047,0.5665482006315526,2.9976021664879227e-15
5.825036378531074,4.270602513473625,0.48110638781325304,-0.35890982520380166,-0.20389192818974794,0.901248037019117,-1.887379141862766e-15
5.955936072430649,4.270602513473625,0.4042979822686711,-0.37336042557031535,-0.26571713413439724,1.17452930906671,2.220446049250313e-16
6.086835766330224,4.270602513473625,0.32399398160537096,-0.38313375326549265,-0.3094341565061132,1.367768349702766,4.884981308350689e-15
6.2177354602297985,4.270602513473625,0.24156840953917602,-0.38806258394279314,-0.33206375247605957,1.4677962376507088,2.220446049250313e-16
0.06544984694978735,4.565126824747668,0.1567702972267453,-0.19726683123982336,-0.34533477418189734,1.5264571290739926,7.771561172376096e-16
0.19634954084936207,4.565126824747668,0.07105056388022392,-0.19560256878984944,-0.3218007800140987,1.4224315983172804,-3.885780586188048e-15
0.32724923474893675,4.565126824747668,-0.012462808862749641,-0.19230251988184194,-0.2763365944892725,1.2214697048146004,6.8833827526759706e-15
0.4581489286485115,4.565126824747668,-0.09234088404026283,-0.18742314926756254,-0.21204052671781695,0.9372666695029409,-1.1879386363489175e-14
0.5890486225480862,4.565126824747668,-0.16721692563964163,-0.18104794433103907,-0.13329424746408047,0.5891904595710546,5.10702591327572e-15
0.7199483164476609,4.565126824747668,-0.23580978382955897,-0.17328598659627634,-0.04546418552482611,0.200961893502677,3.0531133177191805e-15
0.8508480103472356,4.565126824747668,-0.29694581578885354,-0.16427008531213688,0.045464185524826096,-0.2009618935026764,-1.3322676295501878e-15
0.9817477042468102,4.565126824747668,-0.3495789670605911,-0.15415450504927283,0.13329424746408042,-0.5891904595710562,1.4432899320127035e-15
1.112647398146385,4.565126824747668,-0.3928086698338461,-0.14311232619055042,0.21204052671781673,-0.9372666695029346,-4.718447854656915e-15
1.2435470920459597,4.565126824747668,-0.42589525190863,-0.1313324834777125,0.2763365944892725,-1.2214697048146022,5.551115123125783e-16
1.3744467859455345,4.565126824747668,-0.4482725926923089,-0.1190165332855657,0.32180078001409873,-1.4224315983172842,5.023759186428833e-15
1.505346479845109,4.565126824747668,-0.45955780967990356,-0.10637520493652342,0.3453347741818974,-1.5264571290739886,4.989064716909297e-15
1.6362461737446838,4.565126824747668,-0.4595578096799039,-0.0936247950634766,0.3453347741818974,-1.526457129073993,-6.591949208711867e-15
1.7671458676442584,4.565126824747668,-0.44827259269230874,-0.08098346671443421,0.32180078001409884,-1.422431598317286,9.575673587391975e-15
1.8980455615438332,4.565126824747668,-0.42589525190862926,-0.0686675165222875,0.2763365944892726,-1.2214697048145988,-1.7763568394002505e-15
2.028945255443408,4.565126824747668,-0.3928086698338461,-0.056887673809449556,0.21204052671781695,-0.9372666695029321,-1.4432899320127035e-15
2.1598449493429825,4.565126824747668,-0.3495789670605913,-0.045845494950727185,0.13329424746408075,-0.5891904595710573,3.6637359812630166e-15
2.290744643242557,4.565126824747668,-0.2969458157888537,-0.035729914687863,0.045464185524826464,-0.20096189350269705,-4.496403249731884e-15
2.421644337142132,4.565126824747668,-0.23580978382955914,-0.026714013403723893,-0.04546418552482598,0.20096189350269672,3.6637359812630166e-15
2.5525440310417067,4.565126824747668,-0.1672169256396409,-0.01895205566896099,-0.13329424746408025,0.5891904595710526,3.774758283725532e-15
2.6834437249412812,4.565126824747668,-0.0923408840402625,-0.012576850732437354,-0.21204052671781665,0.937266669502928,-5.218048215738236e-15
2.8143434188408563,4.565126824747668,-0.01246280886275003,-0.007697480118158392,-0.27633659448927245,1.2214697048146075,-2.55351295663786e-15
2.945243112740431,4.565126824747668,0.0710505638802239,-0.00439743121015055,-0.32180078001409856,1.42243159831728,6.328271240363392e-15
3.0761428066400054,4.565126824747668,0.1567702972267451,-0.0027331687601765894,-0.34533477418189734,1.5264571290739923,-7.105427357601002e-15
3.2070425005395804,4.565126824747668,0.24322970277325462,-0.0027331687601769086,-0.34533477418189734,1.5264571290739928,6.994405055138486e-15
3.337942194439155,4.565126824747668,0.3289494361197759,-0.00439743121015055,-0.3218007800140988,1.4224315983172775,-3.885780586188048e-15
3.4688418883387295,4.565126824747668,0.4124628088627494,-0.007697480118158365,-0.2763365944892728,1.2214697048146137,-1.1102230246251565e-15
3.5997415822383045,4.565126824747668,0.4923408840402622,-0.012576850732437264,-0.212040526717817,0.9372666695029266,-1.1102230246251565e-15
3.730641276137879,4.565126824747668,0.5672169256396408,-0.01895205566896089,-0.13329424746408072,0.5891904595710556,1.5543122344752192e-15
3.8615409700374537,4.565126824747668,0.6358097838295586,-0.026714013403723754,-0.04546418552482649,0.20096189350269617,-2.942091015256665e-15
3.9924406639370287,4.565126824747668,0.6969458157888532,-0.035729914687862956,0.04546418552482603,-0.20096189350271226,2.275957200481571e-15
4.123340357836603,4.565126824747668,0.7495789670605909,-0.04584549495072708,0.13329424746408,-0.5891904595710051,-1.3322676295501878e-15
4.254240051736178,4.565126824747668,0.7928086698338463,-0.05688767380944961,0.21204052671781687,-0.9372666695029688,1.099120794378905e-14
4.385139745635753,4.565126824747668,0.82589525190863,-0.0686675165222873,0.27633659448927234,-1.2214697048146004,-1.0824674490095276e-14
4.516039439535327,4.565126824747668,0.8482725926923081,-0.08098346671443442,0.32180078001409845,-1.4224315983172735,-6.050715484207103e-15
4.646939133434902,4.565126824747668,0.8595578096799037,-0.09362479506347648,0.34533477418189734,-1.5264571290739926,1.2913281555171352e-14
4.7778388273344765,4.565126824747668,0.8595578096799038,-0.10637520493652322,0.34533477418189734,-1.5264571290739926,-1.4183099139586375e-14
4.908738521234051,4.565126824747668,0.8482725926923087,-0.1190165332855656,0.3218007800140989,-1.4224315983172993,1.4960255256823984e-14
5.0396382151336265,4.565126824747668,0.8258952519086299,-0.13133248347771262,0.27633659448927245,-1.2214697048145793,-8.992806499463768e-15
5.170537909033201,4.565126824747668,0.7928086698338459,-0.1431123261905502,0.212040526717817,-0.9372666695029416,1.887379141862766e-15
5.301437602932776,4.565126824747668,0.7495789670605916,-0.15415450504927272,0.1332942474640808,-0.5891904595710578,1.4988010832439613e-15
5.43233729683235,4.565126824747668,0.696945815788854,-0.16427008531213727,0.04546418552482655,-0.20096189350267724,4.996003610813204e-16
5.563236990731925,4.565126824747668,0.6358097838295592,-0.17328598659627614,-0.04546418552482562,0.2009618935026744,-6.106226635438361e-16
5.694136684631499,4.565126824747668,0.5672169256396415,-0.18104794433103902,-0.13329424746407992,0.5891904595710528,1.4432899320127035e-15
5.825036378531074,4.565126824747668,0.4923408840402631,-0.18742314926756237,-0.2120405267178163,0.937266669502913,-3.6637359812630166e-15
5.955936072430649,4.565126824747668,0.41246280886275033,-0.19230251988184172,-0.2763365944892724,1.2214697048146281,4.773959005888173e-15
6.086835766330224,4.565126824747668,0.32894943611977673,-0.1956025687898494,-0.32180078001409856,1.422431598317274,-4.440892098500626e-15
6.2177354602297985,4.565126824747668,0.2432297027732551,-0.19726683123982408,-0.34533477418189734,1.5264571290739992,1.1102230246251565e-16
0.06544984694978735,4.859651136021712,0.1567702972267453,-0.0027331687601769433,-0.3453347741818974,1.5264571290739943,2.220446049250313e-16
0.19634954084936207,4.859651136021712,0.07105056388022367,-0.004397431210150682,-0.32180078001409873,1.4224315983172813,-7.105427357601002e-15
0.32724923474893675,4.859651136021712,-0.012462808862749752,-0.007697480118158392,-0.2763365944892725,1.2214697048146048,1.4765966227514582e-14
0.4581489286485115,4.859651136021712,-0.09234088404026256,-0.01257685073243775,-0.21204052671781695,0.9372666695029415,-1.099120794378905e-14
0.5890486225480862,4.859651136021712,-0.16721692563964147,-0.018952055668961094,-0.13329424746408047,0.5891904595710524,3.6637359812630166e-15
0.7199483164476609,4.859651136021712,-0.23580978382955894,-0.026714013403723768,-0.04546418552482611,0.2009618935026768,3.164135620181696e-15
0.8508480103472356,4.859651136021712,-0.29694581578885354,-0.03572991468786338,0.045464185524826096,-0.20096189350267718,-1.887379141862766e-15
0.9817477042468102,4.859651136021712,-0.349578967060591,-0.0458454949507273,0.13329424746408042,-0.5891904595710538,3.2751579226442118e-15
1.112647398146385,4.859651136021712,-0.3928086698338459,-0.05688767380944961,0.21204052671781673,-0.9372666695029349,-5.384581669432009e-15
1.2435470920459597,4.859651136021712,-0.42589525190862976,-0.06866751652228745,0.2763365944892725,-1.2214697048146053,-1.9984014443252818e-15
1.3744467859455345,4.859651136021712,-0.4482725926923088,-0.08098346671443434,0.32180078001409873,-1.4224315983172855,2.609024107869118e-15
1.505346479845109,4.859651136021712,-0.45955780967990356,-0.09362479506347651,0.3453347741818974,-1.5264571290739912,2.2551405187698492e-15
1.6362461737446838,4.859651136021712,-0.4595578096799037,-0.10637520493652321,0.3453347741818974,-1.526457129073995,-4.475586568020162e-15
1.7671458676442584,4.859651136021712,-0.44827259269230874,-0.11901653328556547,0.3218007800140988,-1.4224315983172866,-4.163336342344337e-16
1.8980455615438332,4.859651136021712,-0.4258952519086295,-0.13133248347771248,0.2763365944892726,-1.2214697048146017,-1.304512053934559e-15
2.028945255443408,4.859651136021712,-0.3928086698338462,-0.1431123261905503,0.21204052671781695,-0.9372666695029341,-4.218847493575595e-15
2.1598449493429825,4.859651136021712,-0.3495789670605914,-0.15415450504927264,0.13329424746408075,-0.5891904595710554,5.6066262743570405e-15
2.290744643242557,4.859651136021712,-0.2969458157888537,-0.16427008531213683,0.045464185524826464,-0.20096189350269716,-4.551914400963142e-15
2.421644337142132,4.859651136021712,-0.23580978382955914,-0.17328598659627595,-0.04546418552482598,0.20096189350269633,3.552713678800501e-15
2.5525440310417067,4.859651136021712,-0.16721692563964113,-0.18104794433103882,-0.13329424746408025,0.5891904595710507,5.551115123125783e-16
2.6834437249412812,4.859651136021712,-0.0923408840402625,-0.18742314926756254,-0.21204052671781662,0.9372666695029294,3.552713678800501e-15
2.8143434188408563,4.859651136021712,-0.012462808862749863,-0.1923025198818415,-0.2763365944892725,1.2214697048146101,-7.771561172376096e-15
2.945243112740431,4.859651136021712,0.07105056388022361,-0.19560256878984913,-0.3218007800140986,1.4224315983172815,3.9968028886505635e-15
3.0761428066400054,4.859651136021712,0.15677029722674507,-0.1972668312398233,-0.34533477418189734,1.5264571290739948,1.5543122344752192e-15
3.2070425005395804,4.859651136021712,0.24322970277325462,-0.19726683123982294,-0.3453347741818974,1.5264571290739948,1.1102230246251565e-16
3.337942194439155,4.859651136021712,0.32894943611977595,-0.19560256878984925,-0.3218007800140988,1.4224315983172786,4.884981308350689e-15
3.4688418883387295,4.859651136021712,0.4124628088627495,-0.19230251988184155,-0.27633659448927284,1.221469704814616,-7.327471962526033e-15
3.5997415822383045,4.859651136021712,0.492340884040262,-0.18742314926756254,-0.21204052671781703,0.9372666695029293,-1.1102230246251565e-15
3.730641276137879,4.859651136021712,0.5672169256396407,-0.181047944331039,-0.1332942474640807,0.5891904595710523,5.218048215738236e-15
3.8615409700374537,4.859651136021712,0.6358097838295587,-0.17328598659627592,-0.04546418552482651,0.2009618935026985,-3.552713678800501e-15
3.9924406639370287,4.859651136021712,0.6969458157888532,-0.1642700853121369,0.045464185524826006,-0.20096189350271115,1.3322676295501878e-15
4.123340357836603,4.859651136021712,0.7495789670605909,-0.15415450504927275,0.13329424746408,-0.5891904595710049,-9.992007221626409e-16
4.254240051736178,4.859651136021712,0.7928086698338459,-0.1431123261905503,0.2120405267178169,-0.9372666695029714,5.88418203051333e-15
4.385139745635753,4.859651136021712,0.8258952519086298,-0.13133248347771267,0.27633659448927245,-1.2214697048146017,-8.604228440844963e-16
4.516039439535327,4.859651136021712,0.8482725926923083,-0.11901653328556566,0.3218007800140985,-1.4224315983172748,-9.270362255620057e-15
4.646939133434902,4.859651136021712,0.8595578096799037,-0.10637520493652353,0.3453347741818974,-1.5264571290739946,1.2913281555171352e-14
4.7778388273344765,4.859651136021712,0.859557809679904,-0.0936247950634767,0.3453347741818974,-1.5264571290739943,-1.004057947895376e-14
4.908738521234051,4.859651136021712,0.8482725926923087,-0.08098346671443434,0.3218007800140989,-1.4224315983173015,5.578870698741412e-15
5.0396382151336265,4.859651136021712,0.8258952519086297,-0.06866751652228763,0.2763365944892725,-1.2214697048145824,-4.912736883966318e-15
5.170537909033201,4.859651136021712,0.7928086698338459,-0.05688767380944977,0.212040526717817,-0.937266669502941,-9.992007221626409e-16
5.301437602932776,4.859651136021712,0.7495789670605914,-0.04584549495072732,0.1332942474640808,-0.5891904595710565,2.3314683517128287e-15
5.43233729683235,4.859651136021712,0.6969458157888538,-0.035729914687862935,0.045464185524826554,-0.2009618935026788,1.1102230246251565e-15
5.563236990731925,4.859651136021712,0.6358097838295591,-0.026714013403724063,-0.04546418552482564,0.20096189350267563,-1.27675647831893e-15
5.694136684631499,4.859651136021712,0.5672169256396413,-0.018952055668961194,-0.13329424746407992,0.58919045957105,3.3306690738754696e-16
5.825036378531074,4.859651136021712,0.49234088404026305,-0.012576850732437854,-0.2120405267178163,0.9372666695029137,5.551115123125783e-16
5.955936072430649,4.859651136021712,0.4124628088627502,-0.007697480118158531,-0.27633659448927245,1.2214697048146321,-1.1102230246251565e-16
6.086835766330224,4.859651136021712,0.3289494361197767,-0.004397431210150904,-0.32180078001409856,1.4224315983172748,3.885780586188048e-15
6.2177354602297985,4.859651136021712,0.24322970277325529,-0.002733168760176208,-0.3453347741818974,1.526457129074001,-3.1086244689504383e-15
0.06544984694978735,5.154175447295755,0.15843159046082472,0.18806258394279063,-0.33206375247605957,1.467796237650698,2.220446049250313e-16
0.19634954084936207,5.154175447295755,0.07600601839462968,0.18313375326549275,-0.30943415650611344,1.3677683497027793,-3.4416913763379853e-15
0.32724923474893675,5.154175447295755,-0.004297982268670564,0.17336042557031572,-0.26571713413439735,1.1745293090666786,7.549516567451064e-15
0.4581489286485115,5.154175447295755,-0.08110638781325274,0.1589098252038017,-0.2038919281897486,0.9012480370191446,-1.27675647831893e-14
0.5890486225480862,5.154175447295755,-0.15310498512493548,0.14002920594468612,-0.12817182428631105,0.5665482006315565,6.106226635438361e-15
0.7199483164476609,5.154175447295755,-0.21906185824193258,0.11704162042318886,-0.043717022371716034,0.19323904063609626,6.106226635438361e-16
0.8508480103472356,5.154175447295755,-0.27784846677851355,0.09034039260094409,0.04371702237171601,-0.19323904063609726,-1.4988010832439613e-15
0.9817477042468102,5.154175447295755,-0.3284589555638895,0.06038238788897118,0.12817182428631102,-0.5665482006315573,5.551115123125783e-15
1.112647398146385,5.154175447295755,-0.3700273651030646,0.027680196053819522,0.20389192818974838,-0.9012480370191382,-2.4980018054066022e-15
1.2435470920459597,5.154175447295755,-0.4018424483838837,-0.007206639335451646,0.2657171341343973,-1.17452930906668,-3.247402347028583e-15
1.3744467859455345,5.154175447295755,-0.4233598405106035,-0.04368119485287285,0.30943415650611344,-1.367768349702783,2.789435349370706e-15
1.505346479845109,5.154175447295755,-0.43421137293818746,-0.08111938074088416,0.33206375247605957,-1.4677962376506943,3.6290415117434804e-15
1.6362461737446838,5.154175447295755,-0.4342113729381877,-0.11888061925911551,0.33206375247605957,-1.4677962376506979,-6.265821195228227e-15
1.7671458676442584,5.154175447295755,-0.42335984051060327,-0.15631880514712745,0.30943415650611356,-1.3677683497027864,6.453171330633722e-15
1.8980455615438332,5.154175447295755,-0.40184244838388355,-0.19279336066454827,0.2657171341343974,-1.1745293090666755,-5.6343818499726694e-15
2.028945255443408,5.154175447295755,-0.37002736510306533,-0.22768019605381953,0.2038919281897486,-0.9012480370191378,3.885780586188048e-16
2.1598449493429825,5.154175447295755,-0.3284589555638896,-0.26038238788897106,0.1281718242863113,-0.5665482006315569,5.329070518200751e-15
2.290744643242557,5.154175447295755,-0.2778484667785133,-0.29034039260094446,0.043717022371716346,-0.19323904063611408,-4.440892098500626e-15
2.421644337142132,5.154175447295755,-0.21906185824193264,-0.317041620423188,-0.0437170223717159,0.19323904063611247,2.7200464103316335e-15
2.5525440310417067,5.154175447295755,-0.1531049851249351,-0.3400292059446859,-0.12817182428631085,0.5665482006315548,-8.881784197001252e-16
2.6834437249412812,5.154175447295755,-0.08110638781325263,-0.35890982520380244,-0.20389192818974827,0.901248037019132,0.0
2.8143434188408563,5.154175447295755,-0.004297982268670675,-0.37336042557031535,-0.2657171341343973,1.1745293090666853,-1.7763568394002505e-15
2.945243112740431,5.154175447295755,0.07600601839462968,-0.38313375326549237,-0.3094341565061134,1.3677683497027795,-3.3306690738754696e-16
3.0761428066400054,5.154175447295755,0.15843159046082433,-0.3880625839427913,-0.33206375247605957,1.467796237650698,-4.551914400963142e-15
3.2070425005395804,5.154175447295755,0.2415684095391752,-0.38806258394279036,-0.33206375247605957,1.4677962376506977,6.5503158452884236e-15
3.337942194439155,5.154175447295755,0.32399398160536996,-0.38313375326549237,-0.30943415650611356,1.3677683497027764,-6.994405055138486e-15
3.4688418883387295,5.154175447295755,0.40429798226867036,-0.3733604255703153,-0.26571713413439757,1.174529309066692,5.88418203051333e-15
3.5997415822383045,5.154175447295755,0.4811063878132523,-0.35890982520380244,-0.20389192818974866,0.901248037019133,-5.440092820663267e-15
3.730641276137879,5.154175447295755,0.5531049851249347,-0.3400292059446861,-0.12817182428631124,0.5665482006315526,4.3298697960381105e-15
3.8615409700374537,5.154175447295755,0.6190618582419323,-0.3170416204231883,-0.04371702237171641,0.19323904063611824,-3.885780586188048e-15
3.9924406639370287,5.154175447295755,0.677848466778513,-0.2903403926009446,0.043717022371715916,-0.1932390406361302,1.609823385706477e-15
4.123340357836603,5.154175447295755,0.7284589555638892,-0.26038238788897133,0.12817182428631058,-0.5665482006315079,-2.220446049250313e-16
4.254240051736178,5.154175447295755,0.7700273651030649,-0.22768019605381917,0.20389192818974852,-0.9012480370191738,6.716849298982197e-15
4.385139745635753,5.154175447295755,0.8018424483838836,-0.19279336066454858,0.26571713413439724,-1.1745293090666769,-4.3298697960381105e-15
4.516039439535327,5.154175447295755,0.8233598405106028,-0.15631880514712715,0.3094341565061133,-1.367768349702773,-2.1649348980190553e-15
4.646939133434902,5.154175447295755,0.8342113729381879,-0.11888061925911617,0.33206375247605957,-1.4677962376506963,1.1407541578023483e-14
4.7778388273344765,5.154175447295755,0.834211372938188,-0.08111938074088448,0.33206375247605957,-1.4677962376506986,-1.0373646386341306e-14
4.908738521234051,5.154175447295755,0.8233598405106032,-0.043681194852872945,0.3094341565061136,-1.367768349702799,2.609024107869118e-15
5.0396382151336265,5.154175447295755,0.8018424483838837,-0.00720663933545174,0.26571713413439735,-1.1745293090666575,1.6375789613221059e-15
5.170537909033201,5.154175447295755,0.770027365103065,0.02768019605381885,0.20389192818974863,-0.9012480370191467,-3.164135620181696e-15
5.301437602932776,5.154175447295755,0.7284589555638897,0.0603823878889709,0.12817182428631133,-0.566548200631557,-3.3306690738754696e-16
5.43233729683235,5.154175447295755,0.6778484667785138,0.09034039260094513,0.043717022371716444,-0.1932390406360981,3.7192471324942744e-15
5.563236990731925,5.154175447295755,0.6190618582419327,0.11704162042318811,-0.043717022371715576,0.1932390406360952,-5.051514762044462e-15
5.694136684631499,5.154175447295755,0.5531049851249353,0.14002920594468588,-0.12817182428631047,0.5665482006315508,5.88418203051333e-15
5.825036378531074,5.154175447295755,0.4811063878132531,0.15890982520380154,-0.203891928189748,0.9012480370191205,-4.884981308350689e-15
5.955936072430649,5.154175447295755,0.4042979822686711,0.1733604255703151,-0.26571713413439724,1.1745293090667042,1.6653345369377348e-15
6.086835766330224,5.154175447295755,0.32399398160537096,0.1831337532654925,-0.3094341565061133,1.3677683497027733,3.552713678800501e-15
6.2177354602297985,5.154175447295755,0.24156840953917583,0.18806258394279268,-0.33206375247605957,1.4677962376507043,-4.107825191113079e-15
0.06544984694978735,5.448699758569798,0.16169033436166247,0.3677882530921949,-0.3060317069860647,1.3527287599641058,-3.885780586188048e-15
0.19634954084936207,5.448699758569798,0.08572649208550434,0.3597842663863814,-0.28517615189627243,1.260542530462521,-4.6629367034256575e-15
0.32724923474893675,5.448699758569798,0.011717901212365989,0.3439132434064154,-0.24488631333062288,1.0824524106549518,9.992007221626409e-15
0.4581489286485115,5.448699758569798,-0.05906913074885636,0.3204467417557617,-0.18790787720525887,0.8305949478984282,-8.659739592076221e-15
0.5890486225480862,5.448699758569798,-0.12542341805543328,0.28978627978380855,-0.11812382978080585,0.5221338120656758,3.164135620181696e-15
0.7199483164476609,5.448699758569798,-0.18620962045466427,0.25245646649558146,-0.04028983856564951,0.1780901198075754,2.1094237467877974e-15
0.8508480103472356,5.448699758569798,-0.2403876691703801,0.20909602534621932,0.040289838565649466,-0.17809011980757483,-1.0547118733938987e-15
0.9817477042468102,5.448699758569798,-0.2870305627680615,0.1604468655055757,0.1181238297808058,-0.5221338120656781,2.220446049250313e-15
1.112647398146385,5.448699758569798,-0.32534022840639926,0.10734138758661937,0.18790787720525864,-0.83059494789842,-3.3861802251067274e-15
1.2435470920459597,5.448699758569798,-0.35466117708487577,0.05068824104016145,0.24488631333062283,-1.0824524106549536,-5.856426454897701e-15
1.3744467859455345,5.448699758569798,-0.3744917192422985,-0.008543223089165608,0.28517615189627243,-1.2605425304625242,4.524158825347513e-15
1.505346479845109,5.448699758569798,-0.38449254880428924,-0.06933953802804621,0.3060317069860647,-1.3527287599641025,2.824129818890242e-15
1.6362461737446838,5.448699758569798,-0.3844925488042895,-0.13066046197195336,0.3060317069860647,-1.3527287599641062,-7.0637939941775585e-15
1.7671458676442584,5.448699758569798,-0.3744917192422986,-0.19145677691083468,0.28517615189627255,-1.2605425304625288,3.3029134982598407e-15
1.8980455615438332,5.448699758569798,-0.35466117708487566,-0.25068824104016185,0.244886313330623,-1.0824524106549476,-2.4702462297909733e-15
2.028945255443408,5.448699758569798,-0.3253402284063994,-0.3073413875866191,0.18790787720525892,-0.8305949478984224,3.4416913763379853e-15
2.1598449493429825,5.448699758569798,-0.2870305627680617,-0.3604468655055755,0.11812382978080607,-0.5221338120656775,-7.216449660063518e-16
2.290744643242557,5.448699758569798,-0.2403876691703803,-0.4090960253462199,0.04028983856564981,-0.17809011980759232,-5.551115123125783e-17
2.421644337142132,5.448699758569798,-0.18620962045466438,-0.45245646649558,-0.0402898385656494,0.17809011980759215,9.992007221626409e-16
2.5525440310417067,5.448699758569798,-0.12542341805543317,-0.48978627978380834,-0.11812382978080567,0.5221338120656746,-8.326672684688674e-16
2.6834437249412812,5.448699758569798,-0.05906913074885645,-0.520446741755763,-0.18790787720525856,0.8305949478984169,3.219646771412954e-15
2.8143434188408563,5.448699758569798,0.011717901212366044,-0.5439132434064146,-0.24488631333062283,1.0824524106549562,2.220446049250313e-16
2.945243112740431,5.448699758569798,0.08572649208550429,-0.559784266386381,-0.2851761518962724,1.2605425304625204,-5.218048215738236e-15
3.0761428066400054,5.448699758569798,0.16169033436166186,-0.5677882530921962,-0.30603170698606463,1.352728759964106,3.774758283725532e-15
3.2070425005395804,5.448699758569798,0.2383096656383379,-0.5677882530921945,-0.3060317069860647,1.3527287599641062,3.9968028886505635e-15
3.337942194439155,5.448699758569798,0.3142735079144953,-0.559784266386381,-0.28517615189627255,1.2605425304625195,-4.551914400963142e-15
3.4688418883387295,5.448699758569798,0.3882820987876338,-0.5439132434064147,-0.24488631333062313,1.082452410654963,2.7755575615628914e-15
3.5997415822383045,5.448699758569798,0.4590691307488561,-0.520446741755763,-0.18790787720525895,0.8305949478984143,-6.328271240363392e-15
3.730641276137879,5.448699758569798,0.5254234180554327,-0.4897862797838085,-0.11812382978080604,0.5221338120656774,4.496403249731884e-15
3.8615409700374537,5.448699758569798,0.5862096204546638,-0.45245646649558047,-0.04028983856564983,0.17809011980759176,-3.1086244689504383e-15
3.9924406639370287,5.448699758569798,0.6403876691703798,-0.4090960253462199,0.040289838565649404,-0.17809011980760586,3.1086244689504383e-15
4.123340357836603,5.448699758569798,0.6870305627680614,-0.36044686550557625,0.1181238297808054,-0.5221338120656349,-4.107825191113079e-15
4.254240051736178,5.448699758569798,0.7253402284063996,-0.3073413875866186,0.18790787720525878,-0.8305949478984512,9.603429163007604e-15
4.385139745635753,5.448699758569798,0.7546611770848759,-0.25068824104016263,0.24488631333062275,-1.08245241065495,-8.93729534823251e-15
4.516039439535327,5.448699758569798,0.774491719242298,-0.1914567769108344,0.2851761518962722,-1.2605425304625126,-5.648259637780484e-15
4.646939133434902,5.448699758569798,0.7844925488042896,-0.1306604619719541,0.3060317069860647,-1.3527287599641071,1.1497747198774277e-14
4.7778388273344765,5.448699758569798,0.7844925488042895,-0.06933953802804677,0.3060317069860647,-1.3527287599641058,-1.234429225505096e-14
4.908738521234051,5.448699758569798,0.7744917192422984,-0.00854322308916565,0.28517615189627266,-1.260542530462541,1.2254086634300165e-14
5.0396382151336265,5.448699758569798,0.7546611770848759,0.05068824104016146,0.24488631333062288,-1.0824524106549327,-8.354428260304303e-15
5.170537909033201,5.448699758569798,0.7253402284063996,0.10734138758661838,0.18790787720525892,-0.830594947898426,1.8318679906315083e-15
5.301437602932776,5.448699758569798,0.687030562768062,0.1604468655055754,0.11812382978080613,-0.5221338120656791,1.1102230246251565e-15
5.43233729683235,5.448699758569798,0.6403876691703805,0.2090960253462208,0.04028983856564989,-0.17809011980757694,3.941291737419306e-15
5.563236990731925,5.448699758569798,0.5862096204546645,0.2524564664955802,-0.0402898385656491,0.17809011980757455,-6.772360450213455e-15
5.694136684631499,5.448699758569798,0.5254234180554334,0.28978627978380844,-0.11812382978080532,0.522133812065674,6.772360450213455e-15
5.825036378531074,5.448699758569798,0.4590691307488569,0.3204467417557615,-0.1879078772052583,0.8305949478984026,-4.440892098500626e-15
5.955936072430649,5.448699758569798,0.38828209878763464,0.34391324340641444,-0.2448863133306228,1.0824524106549758,4.884981308350689e-15
6.086835766330224,5.448699758569798,0.31427350791449593,0.35978426638638095,-0.2851761518962723,1.2605425304625144,-7.66053886991358e-15
6.2177354602297985,5.448699758569798,0.23830966563833805,0.3677882530921985,-0.30603170698606463,1.352728759964113,7.882583474838611e-15
0.06544984694978735,5.743224069843841,0.1664212972286731,0.5295370820139408,-0.2682390346211538,1.185676674651115,3.1086244689504383e-15
0.19634954084936207,5.743224069843841,0.09983843260021154,0.5187655280000285,-0.24995898769768618,1.1048747686969906,-3.1086244689504383e-15
0.32724923474893675,5.743224069843841,0.034969360159993385,0.4974067242478211,-0.21464464883937934,0.9487774731480562,2.55351295663786e-15
0.4581489286485115,5.743224069843841,-0.02707599227742477,0.4658261258112971,-0.16470263187972262,0.7280225607329847,-4.107825191113079e-15
0.5890486225480862,5.743224069843841,-0.08523601152961735,0.4245640854855033,-0.10353640274143122,0.4576541139181285,1.1102230246251565e-15
0.7199483164476609,5.743224069843841,-0.13851556354217487,0.3743266082204122,-0.03531433885830684,0.15609729554893767,2.609024107869118e-15
0.8508480103472356,5.743224069843841,-0.18600302040828057,0.3159732711804871,0.0353143388583068,-0.15609729554893692,-3.2751579226442118e-15
0.9817477042468102,5.743224069843841,-0.22688585857494475,0.25050251614108576,0.10353640274143121,-0.45765411391813116,4.6629367034256575e-15
1.112647398146385,5.743224069843841,-0.2604645613462714,0.17903456587285482,0.1647026318797225,-0.7280225607329776,9.71445146547012e-16
1.2435470920459597,5.743224069843841,-0.2861645878080689,0.10279225681954057,0.2146446488393793,-0.9487774731480604,-6.106226635438361e-15
1.3744467859455345,5.743224069843841,-0.3035462033821818,0.023080116027409885,0.24995898769768624,-1.1048747686969926,3.524958103184872e-15
1.505346479845109,5.743224069843841,-0.3123120038070417,-0.05873795967420531,0.2682390346211539,-1.1856766746511112,6.265821195228227e-15
1.6362461737446838,5.743224069843841,-0.3123120038070416,-0.141262040325794,0.2682390346211539,-1.1856766746511178,-3.7192471324942744e-15
1.7671458676442584,5.743224069843841,-0.3035462033821815,-0.22308011602741,0.2499589876976863,-1.104874768696994,-1.3600232051658168e-15
1.8980455615438332,5.743224069843841,-0.28616458780806864,-0.3027922568195411,0.21464464883937948,-0.9487774731480556,8.520961713998076e-15
2.028945255443408,5.743224069843841,-0.26046456134627183,-0.37903456587285467,0.16470263187972262,-0.7280225607329798,-1.2045919817182948e-14
2.1598449493429825,5.743224069843841,-0.22688585857494503,-0.4505025161410855,0.10353640274143143,-0.45765411391813043,6.439293542825908e-15
2.290744643242557,5.743224069843841,-0.18600302040828043,-0.515973271180488,0.035314338858307114,-0.15609729554895316,-2.609024107869118e-15
2.421644337142132,5.743224069843841,-0.1385155635421747,-0.5743266082204104,-0.035314338858306746,0.15609729554895185,3.7192471324942744e-15
2.5525440310417067,5.743224069843841,-0.08523601152961705,-0.624564085485503,-0.10353640274143111,0.45765411391812894,-3.83026943495679e-15
2.6834437249412812,5.743224069843841,-0.027075992277424854,-0.6658261258112985,-0.16470263187972242,0.7280225607329767,1.1102230246251565e-15
2.8143434188408563,5.743224069843841,0.03496936015999322,-0.6974067242478204,-0.2146446488393793,0.9487774731480594,-4.3298697960381105e-15
2.945243112740431,5.743224069843841,0.09983843260021118,-0.7187655280000279,-0.24995898769768615,1.1048747686969937,1.3322676295501878e-15
3.0761428066400054,5.743224069843841,0.16642129722867297,-0.7295370820139422,-0.2682390346211538,1.1856766746511131,5.218048215738236e-15
3.2070425005395804,5.743224069843841,0.23357870277132714,-0.72953708201394,-0.2682390346211539,1.1856766746511171,-3.9968028886505635e-15
3.337942194439155,5.743224069843841,0.30016156739978833,-0.7187655280000278,-0.2499589876976863,1.1048747686969893,1.2212453270876722e-15
3.4688418883387295,5.743224069843841,0.3650306398400065,-0.6974067242478204,-0.21464464883937956,0.9487774731480659,-7.771561172376096e-16
3.5997415822383045,5.743224069843841,0.42707599227742427,-0.6658261258112987,-0.16470263187972273,0.7280225607329747,-4.496403249731884e-15
3.730641276137879,5.743224069843841,0.4852360115296167,-0.6245640854855032,-0.10353640274143139,0.4576541139181288,5.662137425588298e-15
3.8615409700374537,5.743224069843841,0.5385155635421746,-0.5743266082204108,-0.035314338858307155,0.1560972955489539,-3.552713678800501e-15
3.9924406639370287,5.743224069843841,0.58600302040828,-0.515973271180488,0.03531433885830674,-0.15609729554896462,1.1657341758564144e-15
4.123340357836603,5.743224069843841,0.6268858585749442,-0.4505025161410866,0.10353640274143083,-0.45765411391809085,-2.0539125955565396e-15
4.254240051736178,5.743224069843841,0.6604645613462716,-0.37903456587285433,0.16470263187972262,-0.7280225607330078,7.188694084447889e-15
4.385139745635753,5.743224069843841,0.6861645878080693,-0.30279225681954186,0.21464464883937928,-0.948777473148056,1.2212453270876722e-15
4.516039439535327,5.743224069843841,0.7035462033821811,-0.22308011602740954,0.24995898769768604,-1.1048747686969858,-6.675215935558754e-15
4.646939133434902,5.743224069843841,0.7123120038070418,-0.14126204032579515,0.26823903462115384,-1.1856766746511127,1.206673649889467e-14
4.7778388273344765,5.743224069843841,0.7123120038070418,-0.05873795967420621,0.26823903462115384,-1.1856766746511191,-1.4425960426223128e-14
4.908738521234051,5.743224069843841,0.7035462033821813,0.023080116027409545,0.24995898769768637,-1.1048747686970033,1.074140776324839e-14
5.0396382151336265,5.743224069843841,0.6861645878080695,0.10279225681954066,0.21464464883937934,-0.9487774731480405,-4.718447854656915e-16
5.170537909033201,5.743224069843841,0.6604645613462719,0.17903456587285388,0.16470263187972267,-0.728022560732986,-5.9674487573602164e-15
5.301437602932776,5.743224069843841,0.6268858585749446,0.25050251614108576,0.10353640274143147,-0.45765411391813127,3.552713678800501e-15
5.43233729683235,5.743224069843841,0.5860030204082808,0.315973271180489,0.03531433885830717,-0.15609729554893703,3.164135620181696e-15
5.563236990731925,5.743224069843841,0.538515563542175,0.3743266082204104,-0.03531433885830649,0.15609729554893476,-5.384581669432009e-15
5.694136684631499,5.743224069843841,0.4852360115296174,0.4245640854855028,-0.10353640274143078,0.4576541139181272,3.6637359812630166e-15
5.825036378531074,5.743224069843841,0.4270759922774253,0.46582612581129673,-0.16470263187972217,0.7280225607329639,-2.220446049250313e-15
5.955936072430649,5.743224069843841,0.36503063984000694,0.4974067242478201,-0.21464464883937928,0.9487774731480781,-1.7763568394002505e-15
6.086835766330224,5.743224069843841,0.30016156739978883,0.5187655280000277,-0.24995898769768607,1.1048747686969862,2.3314683517128287e-15
6.2177354602297985,5.743224069843841,0.2335787027713273,0.5295370820139457,-0.2682390346211538,1.1856766746511198,-2.220446049250313e-16
0.06544984694978735,6.037748381117884,0.17244267081203235,0.6670931539223541,-0.2201380865859358,0.9730596996664268,-6.2727600891321345e-15
0.19634954084936207,6.037748381117884,0.11779952597883761,0.6539679773803408,-0.2051360397804932,0.9067472891913453,-1.4432899320127035e-15
0.32724923474893675,6.037748381117884,0.0645628540464227,0.627942199705934,-0.17615431086734432,0.7786415494286221,7.827072323607354e-15
0.4581489286485115,6.037748381117884,0.01364354923154426,0.5894611291708518,-0.1351679567773488,0.5974726748383337,-4.496403249731884e-15
0.5890486225480862,6.037748381117884,-0.03408714504291685,0.5391831875609183,-0.08497012980858702,0.37558702482809303,2.7755575615628914e-16
0.7199483164476609,6.037748381117884,-0.07781254336447549,0.47796864439675923,-0.028981728913148864,0.12810573976272607,1.3322676295501878e-15
0.8508480103472356,6.037748381117884,-0.11678449204487965,0.4068648974837869,0.028981728913148805,-0.12810573976272605,-2.7755575615628914e-15
0.9817477042468102,6.037748381117884,-0.15033617023714166,0.32708855164537015,0.084970129808587,-0.3755870248280939,2.7755575615628914e-15
1.112647398146385,6.037748381117884,-0.17789349942510924,0.24000460227698378,0.13516795677734872,-0.5974726748383312,1.304512053934559e-15
1.2435470920459597,6.037748381117884,-0.19898496606604194,0.14710307989655313,0.1761543108673443,-0.7786415494286196,-6.494804694057166e-15
1.3744467859455345,6.037748381117884,-0.21324968931805333,0.04997355530917627,0.20513603978049325,-0.9067472891913486,4.399258735077183e-15
1.505346479845109,6.037748381117884,-0.22044359581137268,-0.04972205839006595,0.22013808658593584,-0.9730596996664251,2.3765711620882257e-15
1.6362461737446838,6.037748381117884,-0.22044359581137277,-0.15027794160993296,0.22013808658593584,-0.9730596996664266,-2.400857290751901e-15
1.7671458676442584,6.037748381117884,-0.213249689318053,-0.24997355530917623,0.2051360397804933,-0.9067472891913481,4.163336342344337e-15
1.8980455615438332,6.037748381117884,-0.19898496606604146,-0.34710307989655304,0.17615431086734443,-0.7786415494286206,7.216449660063518e-16
2.028945255443408,6.037748381117884,-0.17789349942510915,-0.44000460227698424,0.1351679567773488,-0.5974726748383274,-3.885780586188048e-15
2.1598449493429825,6.037748381117884,-0.15033617023714174,-0.5270885516453692,0.08497012980858716,-0.3755870248280949,3.885780586188048e-16
2.290744643242557,6.037748381117884,-0.11678449204487976,-0.6068648974837882,0.02898172891314908,-0.1281057397627384,2.275957200481571e-15
2.421644337142132,6.037748381117884,-0.07781254336447552,-0.677968644396757,-0.028981728913148767,0.12810573976273787,1.0547118733938987e-15
2.5525440310417067,6.037748381117884,-0.034087145042917044,-0.739183187560918,-0.0849701298085869,0.37558702482809186,-3.941291737419306e-15
2.6834437249412812,6.037748381117884,0.013643549231544094,-0.7894611291708533,-0.13516795677734858,0.5974726748383268,6.328271240363392e-15
2.8143434188408563,6.037748381117884,0.0645628540464229,-0.8279421997059333,-0.1761543108673443,0.7786415494286235,-2.1649348980190553e-15
2.945243112740431,6.037748381117884,0.1177995259788378,-0.8539679773803399,-0.20513603978049316,0.9067472891913464,-1.1102230246251565e-15
3.0761428066400054,6.037748381117884,0.17244267081203224,-0.8670931539223556,-0.22013808658593578,0.973059699666427,1.1657341758564144e-15
3.2070425005395804,6.037748381117884,0.22755732918796778,-0.8670931539223534,-0.22013808658593584,0.9730596996664269,-2.3869795029440866e-15
3.337942194439155,6.037748381117884,0.2822004740211619,-0.8539679773803399,-0.20513603978049327,0.9067472891913421,-1.609823385706477e-15
3.4688418883387295,6.037748381117884,0.3354371459535771,-0.8279421997059333,-0.1761543108673445,0.7786415494286307,2.275957200481571e-15
3.5997415822383045,6.037748381117884,0.3863564507684556,-0.7894611291708538,-0.13516795677734889,0.5974726748383241,-5.051514762044462e-15
3.730641276137879,6.037748381117884,0.43408714504291673,-0.7391831875609185,-0.08497012980858715,0.37558702482809314,6.716849298982197e-15
3.8615409700374537,6.037748381117884,0.47781254336447543,-0.6779686443967572,-0.028981728913149124,0.1281057397627407,-5.384581669432009e-15
3.9924406639370287,6.037748381117884,0.5167844920448792,-0.6068648974837881,0.028981728913148746,-0.12810573976274856,1.887379141862766e-15
4.123340357836603,6.037748381117884,0.5503361702371413,-0.5270885516453708,0.08497012980858669,-0.3755870248280632,-2.9976021664879227e-15
4.254240051736178,6.037748381117884,0.5778934994251095,-0.44000460227698324,0.1351679567773488,-0.5974726748383523,1.1879386363489175e-14
4.385139745635753,6.037748381117884,0.5989849660660418,-0.34710307989655387,0.1761543108673442,-0.7786415494286193,-1.0186296250935811e-14
4.516039439535327,6.037748381117884,0.6132496893180526,-0.24997355530917587,0.20513603978049305,-0.9067472891913393,-1.887379141862766e-15
4.646939133434902,6.037748381117884,0.6204435958113728,-0.15027794160993474,0.22013808658593578,-0.9730596996664279,3.771288836773579e-15
4.7778388273344765,6.037748381117884,0.6204435958113728,-0.04972205839006699,0.22013808658593584,-0.9730596996664285,-1.4155343563970746e-15
4.908738521234051,6.037748381117884,0.6132496893180532,0.04997355530917545,0.20513603978049333,-0.9067472891913564,6.036837696399289e-15
5.0396382151336265,6.037748381117884,0.598984966066042,0.14710307989655313,0.1761543108673443,-0.7786415494286092,-8.604228440844963e-15
5.170537909033201,6.037748381117884,0.5778934994251091,0.24000460227698284,0.13516795677734883,-0.5974726748383322,-1.1102230246251565e-16
5.301437602932776,6.037748381117884,0.5503361702371415,0.3270885516453697,0.08497012980858722,-0.3755870248280959,5.551115123125783e-16
5.43233729683235,6.037748381117884,0.5167844920448801,0.4068648974837892,0.028981728913149134,-0.12810573976272627,6.494804694057166e-15
5.563236990731925,6.037748381117884,0.477812543364476,0.477968644396757,-0.02898172891314857,0.12810573976272516,-7.827072323607354e-15
5.694136684631499,6.037748381117884,0.434087145042917,0.5391831875609179,-0.08497012980858663,0.37558702482809037,5.6066262743570405e-15
5.825036378531074,6.037748381117884,0.3863564507684563,0.5894611291708511,-0.13516795677734844,0.5974726748383185,-1.8318679906315083e-15
5.955936072430649,6.037748381117884,0.3354371459535776,0.6279421997059329,-0.1761543108673443,0.7786415494286377,-2.220446049250313e-15
6.086835766330224,6.037748381117884,0.2822004740211624,0.6539679773803397,-0.20513603978049308,0.9067472891913396,7.771561172376096e-16
6.2177354602297985,6.037748381117884,0.22755732918796817,0.6670931539223599,-0.22013808658593575,0.9730596996664318,2.1649348980190553e-15
0.06544984694978735,6.332272692391927,0.17952305710175748,0.7751702661163281,-0.16357735533808132,0.7230485861217201,-2.4980018054066022e-15
0.19634954084936207,6.332272692391927,0.13891953747554112,0.7601958602200395,-0.15242982889615217,0.6737740198718065,-5.495603971894525e-15
0.32724923474893675,6.332272692391927,0.09936112149782231,0.730503264664037,-0.1308944615171528,0.5785828676318527,4.163336342344337e-15
0.4581489286485115,6.332272692391927,0.06152466463364434,0.6866005279906264,-0.10043885289908483,0.4439622491161778,-2.9976021664879227e-15
0.5890486225480862,6.332272692391927,0.026057559150200665,0.6292388381964287,-0.06313850243899652,0.2790863370055403,1.0547118733938987e-15
0.7199483164476609,6.332272692391927,-0.006433342944347109,0.5593996696974889,-0.021535367378999356,0.09519115223995944,1.942890293094024e-16
0.8508480103472356,6.332272692391927,-0.03539211330698186,0.4782779900298942,0.021535367378999307,-0.09519115223996064,-3.0808688933348094e-15
0.9817477042468102,6.332272692391927,-0.06032325934791041,0.3872618136239419,0.06313850243899649,-0.27908633700554075,4.829470157119431e-15
1.112647398146385,6.332272692391927,-0.08080020224615334,0.2879084524923864,0.10043885289908472,-0.4439622491161745,-4.191091917959966e-15
1.2435470920459597,6.332272692391927,-0.09647257583144102,0.18191787019014447,0.13089446151715278,-0.5785828676318535,-4.038436252074007e-15
1.3744467859455345,6.332272692391927,-0.10707222144652487,0.07110359496654955,0.1524298288961522,-0.6737740198718083,8.007483565108942e-15
1.505346479845109,6.332272692391927,-0.1124177762161546,-0.042638310205801944,0.16357735533808132,-0.7230485861217182,-2.3800406090401793e-15
1.6362461737446838,6.332272692391927,-0.11241777621615491,-0.15736168979419712,0.16357735533808132,-0.7230485861217202,-4.260480856999038e-15
1.7671458676442584,6.332272692391927,-0.10707222144652485,-0.27110359496654945,0.1524298288961522,-0.6737740198718098,7.771561172376096e-16
1.8980455615438332,6.332272692391927,-0.09647257583144059,-0.38191787019014445,0.13089446151715287,-0.578582867631852,6.661338147750939e-16
2.028945255443408,6.332272692391927,-0.08080020224615364,-0.4879084524923868,0.10043885289908483,-0.4439622491161716,-1.4155343563970746e-15
2.1598449493429825,6.332272692391927,-0.06032325934791072,-0.5872618136239405,0.06313850243899664,-0.27908633700554336,9.71445146547012e-16
2.290744643242557,6.332272692391927,-0.03539211330698169,-0.6782779900298959,0.021535367378999533,-0.09519115223996842,1.8596235662471372e-15
2.421644337142132,6.332272692391927,-0.006433342944346998,-0.7593996696974863,-0.02153536737899927,0.09519115223996721,-5.551115123125783e-16
2.5525440310417067,6.332272692391927,0.026057559150200582,-0.8292388381964284,-0.06313850243899642,0.2790863370055414,-2.886579864025407e-15
2.6834437249412812,6.332272692391927,0.06152466463364428,-0.8866005279906283,-0.10043885289908464,0.44396224911617044,5.218048215738236e-15
2.8143434188408563,6.332272692391927,0.0993611214978224,-0.9305032646640359,-0.13089446151715278,0.5785828676318554,-5.218048215738236e-15
2.945243112740431,6.332272692391927,0.13891953747554103,-0.9601958602200384,-0.1524298288961521,0.6737740198718059,3.6637359812630166e-15
3.0761428066400054,6.332272692391927,0.17952305710175692,-0.9751702661163302,-0.16357735533808132,0.72304858612172,-3.0531133177191805e-15
3.2070425005395804,6.332272692391927,0.2204769428982429,-0.9751702661163273,-0.16357735533808132,0.7230485861217202,4.829470157119431e-15
3.337942194439155,6.332272692391927,0.2610804625244587,-0.9601958602200386,-0.1524298288961522,0.6737740198718064,-3.3861802251067274e-15
3.4688418883387295,6.332272692391927,0.3006388785021775,-0.930503264664036,-0.1308944615171529,0.5785828676318566,4.218847493575595e-15
3.5997415822383045,6.332272692391927,0.3384753353663556,-0.8866005279906285,-0.10043885289908487,0.4439622491161711,-2.9976021664879227e-15
3.730641276137879,6.332272692391927,0.373942440849799,-0.8292388381964289,-0.06313850243899663,0.27908633700554264,2.942091015256665e-15
3.8615409700374537,6.332272692391927,0.406433342944347,-0.7593996696974867,-0.02153536737899954,0.09519115223996796,-2.3314683517128287e-15
3.9924406639370287,6.332272692391927,0.4353921133069817,-0.6782779900298959,0.021535367378999252,-0.0951911522399757,5.828670879282072e-16
4.123340357836603,6.332272692391927,0.4603232593479102,-0.5872618136239426,0.06313850243899624,-0.27908633700551827,-4.385380947269368e-15
4.254240051736178,6.332272692391927,0.4808002022461535,-0.48790845249238546,0.1004388528990848,-0.44396224911618987,7.993605777301127e-15
4.385139745635753,6.332272692391927,0.4964725758314408,-0.3819178701901454,0.13089446151715273,-0.5785828676318524,-6.772360450213455e-15
4.516039439535327,6.332272692391927,0.5070722214465245,-0.27110359496654957,0.15242982889615206,-0.673774019871802,1.887379141862766e-15
4.646939133434902,6.332272692391927,0.512417776216155,-0.15736168979419884,0.16357735533808132,-0.7230485861217203,4.902328543110457e-15
4.7778388273344765,6.332272692391927,0.5124177762161549,-0.04263831020580289,0.16357735533808132,-0.7230485861217205,-8.104628079763643e-15
4.908738521234051,6.332272692391927,0.5070722214465246,0.07110359496654868,0.15242982889615225,-0.673774019871816,5.370703881624195e-15
5.0396382151336265,6.332272692391927,0.49647257583144083,0.18191787019014438,0.1308944615171528,-0.5785828676318433,-1.942890293094024e-16
5.170537909033201,6.332272692391927,0.4808002022461536,0.28790845249238506,0.10043885289908484,-0.4439622491161752,-2.0816681711721685e-15
5.301437602932776,6.332272692391927,0.4603232593479107,0.3872618136239411,0.06313850243899667,-0.27908633700554375,1.0269562977782698e-15
5.43233729683235,6.332272692391927,0.43539211330698224,0.47827799002989724,0.02153536737899957,-0.09519115223996019,5.828670879282072e-15
5.563236990731925,6.332272692391927,0.4064333429443473,0.5593996696974863,-0.021535367378999144,0.0951911522399588,-7.93809462606987e-15
5.694136684631499,6.332272692391927,0.3739424408497991,0.6292388381964287,-0.06313850243899623,0.2790863370055391,3.219646771412954e-15
5.825036378531074,6.332272692391927,0.3384753353663559,0.6866005279906254,-0.10043885289908452,0.4439622491161641,1.1102230246251565e-16
5.955936072430649,6.332272692391927,0.30063887850217774,0.7305032646640358,-0.13089446151715275,0.5785828676318654,-9.992007221626409e-16
6.086835766330224,6.332272692391927,0.2610804625244589,0.7601958602200383,-0.15242982889615203,0.6737740198718029,5.551115123125783e-17
6.2177354602297985,6.332272692391927,0.22047694289824335,0.7751702661163348,-0.16357735533808124,0.7230485861217226,7.216449660063518e-15
0.06544984694978735,6.62679700366597,0.18739036082345956,0.8496150757845912,-0.10073043805982217,0.44525112090267227,-1.915134717478395e-15
0.19634954084936207,6.62679700366597,0.16238683689274117,0.8333668985548777,-0.09386582517096491,0.41490799282542123,-3.2751579226442118e-15
0.32724923474893675,6.62679700366597,0.13802688461112744,0.8011485549126973,-0.0806044114173168,0.356289570704999,6.5503158452884236e-15
0.4581489286485115,6.62679700366597,0.11472730951601096,0.7535113096503792,-0.06184994023066667,0.27339060313738295,-3.941291737419306e-15
0.5890486225480862,6.62679700366597,0.09288677379713157,0.6912702492419021,-0.038880497829155515,0.171860517765288,9.992007221626409e-16
0.7199483164476609,6.62679700366597,0.07287897507598036,0.6154903354873386,-0.013261413753648088,0.058618422120424604,3.0531133177191805e-16
0.8508480103472356,6.62679700366597,0.05504625233588542,0.5274681837211856,0.013261413753648022,-0.058618422120423966,-1.9984014443252818e-15
0.9817477042468102,6.62679700366597,0.039693728407095036,0.4287098773645185,0.03888049782915549,-0.17186051776528874,3.2890357104520263e-15
1.112647398146385,6.62679700366597,0.027084089230554664,0.3209051984200727,0.0618499402306666,-0.2733906031373806,-1.5265566588595902e-16
1.2435470920459597,6.62679700366597,0.017433089228626755,0.20589871483369132,0.0806044114173168,-0.35628957070499967,-4.364564265557647e-15
1.3744467859455345,6.62679700366597,0.010905859687107531,0.08565821942536019,0.09386582517096494,-0.4149079928254225,4.1494585545365226e-15
1.505346479845109,6.62679700366597,0.007614083313142454,-0.03775893959152268,0.10073043805982218,-0.445251120902671,7.945033519973776e-16
1.6362461737446838,6.62679700366597,0.007614083313142457,-0.16224106040847652,0.10073043805982218,-0.4452511209026726,2.0122792321330962e-16
1.7671458676442584,6.62679700366597,0.010905859687107798,-0.2856582194253602,0.09386582517096492,-0.4149079928254225,-2.706168622523819e-16
1.8980455615438332,6.62679700366597,0.01743308922862706,-0.4058987148336913,0.08060441141731686,-0.35628957070499767,1.0685896612017132e-15
2.028945255443408,6.62679700366597,0.027084089230554623,-0.5209051984200728,0.061849940230666665,-0.273390603137381,-1.1934897514720433e-15
2.1598449493429825,6.62679700366597,0.03969372840709501,-0.6287098773645174,0.03888049782915557,-0.1718605177652898,-1.3600232051658168e-15
2.290744643242557,6.62679700366597,0.0550462523358856,-0.7274681837211874,0.013261413753648194,-0.05861842212042975,3.4139358007223564e-15
2.421644337142132,6.62679700366597,0.07287897507598054,-0.815490335487336,-0.01326141375364802,0.0586184221204295,-9.71445146547012e-16
2.5525440310417067,6.62679700366597,0.09288677379713155,-0.8912702492419016,-0.03888049782915544,0.17186051776528766,-2.7478019859472624e-15
2.6834437249412812,6.62679700366597,0.11472730951601083,-0.9535113096503812,-0.061849940230666534,0.2733906031373792,4.191091917959966e-15
2.8143434188408563,6.62679700366597,0.1380268846111276,-1.0011485549126962,-0.0806044114173168,0.35628957070500117,-2.3869795029440866e-15
2.945243112740431,6.62679700366597,0.16238683689274136,-1.0333668985548767,-0.09386582517096487,0.41490799282542146,-1.1102230246251565e-16
3.0761428066400054,6.62679700366597,0.18739036082345947,-1.0496150757845935,-0.10073043805982215,0.44525112090267205,-4.718447854656915e-16
3.2070425005395804,6.62679700366597,0.21260963917654052,-1.04961507578459,-0.10073043805982218,0.4452511209026727,-2.886579864025407e-15
3.337942194439155,6.62679700366597,0.23761316310725838,-1.0333668985548767,-0.09386582517096491,0.41490799282541935,9.43689570931383e-16
3.4688418883387295,6.62679700366597,0.2619731153888725,-1.0011485549126964,-0.08060441141731689,0.3562895707050038,2.275957200481571e-15
3.5997415822383045,6.62679700366597,0.2852726904839892,-0.9535113096503813,-0.06184994023066669,0.2733906031373785,-4.468647674116255e-15
3.730641276137879,6.62679700366597,0.3071132262028684,-0.891270249241902,-0.03888049782915555,0.1718605177652885,5.079270337660091e-15
3.8615409700374537,6.62679700366597,0.32712102492401984,-0.8154903354873368,-0.013261413753648192,0.058618422120430363,-3.0531133177191805e-15
3.9924406639370287,6.62679700366597,0.34495374766411435,-0.7274681837211874,0.013261413753648001,-0.058618422120434846,-6.106226635438361e-16
4.123340357836603,6.62679700366597,0.3603062715929046,-0.6287098773645192,0.03888049782915534,-0.17186051776527453,-2.2065682614424986e-15
4.254240051736178,6.62679700366597,0.3729159107694455,-0.5209051984200719,0.06184994023066667,-0.2733906031373913,7.0360384185619296e-15
4.385139745635753,6.62679700366597,0.3825669107713733,-0.40589871483369216,0.08060441141731679,-0.3562895707049989,-2.588207426157396e-15
4.516039439535327,6.62679700366597,0.38909414031289224,-0.2856582194253602,0.09386582517096483,-0.41490799282541974,-2.400857290751901e-15
4.646939133434902,6.62679700366597,0.39238591668685757,-0.1622410604084782,0.10073043805982214,-0.4452511209026724,8.482797797526587e-16
4.7778388273344765,6.62679700366597,0.3923859166868576,-0.0377589395915236,0.10073043805982217,-0.44525112090267105,-2.3765711620882257e-16
4.908738521234051,6.62679700366597,0.3890941403128923,0.08565821942535937,0.09386582517096496,-0.414907992825428,2.4494295480792516e-15
5.0396382151336265,6.62679700366597,0.38256691077137317,0.20589871483369127,0.08060441141731682,-0.35628957070499223,-5.204170427930421e-16
5.170537909033201,6.62679700366597,0.3729159107694454,0.3209051984200711,0.061849940230666665,-0.27339060313738334,-2.4147350785597155e-15
5.301437602932776,6.62679700366597,0.36030627159290474,0.42870987736451766,0.038880497829155584,-0.17186051776528896,-2.914335439641036e-16
5.43233729683235,6.62679700366597,0.3449537476641147,0.5274681837211891,0.013261413753648206,-0.058618422120424535,6.161737786669619e-15
5.563236990731925,6.62679700366597,0.3271210249240198,0.615490335487336,-0.01326141375364797,0.058618422120423966,-8.382183835919932e-15
5.694136684631499,6.62679700366597,0.30711322620286835,0.6912702492419018,-0.03888049782915533,0.17186051776528735,4.413136522884997e-15
5.825036378531074,6.62679700366597,0.2852726904839893,0.7535113096503782,-0.0618499402306665,0.2733906031373753,-3.219646771412954e-15
5.955936072430649,6.62679700366597,0.2619731153888725,0.801148554912696,-0.08060441141731679,0.35628957070500705,6.38378239159465e-16
6.086835766330224,6.62679700366597,0.23761316310725888,0.8333668985548766,-0.09386582517096483,0.41490799282541957,2.4424906541753444e-15
6.2177354602297985,6.62679700366597,0.2126096391765409,0.8496150757845984,-0.10073043805982214,0.44525112090267405,-1.6653345369377348e-16
0.06544984694978735,6.921321314940013,0.1957422459071491,0.8875667106407221,-0.034012506537204765,0.15034290480705348,-1.1796119636642288e-15
0.19634954084936207,6.921321314940013,0.187299589074448,0.8706691704164393,-0.031694610425018935,0.14009728429785034,-2.831068712794149e-15
0.32724923474893675,6.921321314940013,0.17907423979390252,0.8371632115659946,-0.027216778990188262,0.12030426538545794,4.253541963095131e-15
0.4581489286485115,6.921321314940013,0.17120693607220044,0.7876221303349247,-0.020884169045030234,0.09231270959924512,2.5673907444456745e-16
0.5890486225480862,6.921321314940013,0.16383228965724803,0.7228935883584773,-0.013128337492174557,0.058030195207808395,-2.6922908347160046e-15
0.7199483164476609,6.921321314940013,0.15707648279384384,0.6440851089360129,-0.004477831434830661,0.019793018912392858,7.494005416219807e-16
0.8508480103472356,6.921321314940013,0.15105510921048432,0.5525451270002835,0.004477831434830601,-0.01979301891239249,-2.6645352591003757e-15
0.9817477042468102,6.921321314940013,0.14587119627862102,0.44983991702189174,0.013128337492174529,-0.058030195207808964,3.1988300897012323e-15
1.112647398146385,6.921321314940013,0.14161344218577027,0.3377267936188305,0.020884169045030217,-0.09231270959924419,2.0816681711721685e-17
1.2435470920459597,6.921321314940013,0.1383546982849323,0.21812404341615516,0.02721677899018827,-0.12030426538545848,-6.22071838485283e-15
1.3744467859455345,6.921321314940013,0.1361507225877464,0.09307810262998328,0.031694610425019,-0.14009728429785054,9.728329253277934e-15
1.505346479845109,6.921321314940013,0.13503922572944854,-0.03527145802355233,0.03401250653720477,-0.15034290480705337,-2.2854981795994433e-15
1.6362461737446838,6.921321314940013,0.13503922572944838,-0.1647285419764467,0.034012506537204765,-0.1503429048070535,-2.8189256484623115e-16
1.7671458676442584,6.921321314940013,0.13615072258774658,-0.29307810262998324,0.031694610425018935,-0.14009728429785145,-1.3426759704060487e-15
1.8980455615438332,6.921321314940013,0.1383546982849327,-0.41812404341615506,0.02721677899018831,-0.12030426538545765,2.688821387764051e-15
2.028945255443408,6.921321314940013,0.14161344218577027,-0.5377267936188304,0.02088416904503022,-0.09231270959924354,-2.1163626406917047e-15
2.1598449493429825,6.921321314940013,0.145871196278621,-0.6498399170218908,0.013128337492174534,-0.05803019520780911,-2.1163626406917047e-15
2.290744643242557,6.921321314940013,0.15105510921048448,-0.7525451270002851,0.004477831434830693,-0.019793018912394326,4.413136522884997e-15
2.421644337142132,6.921321314940013,0.15707648279384406,-0.8440851089360102,-0.0044778314348306375,0.01979301891239455,-2.824129818890242e-15
2.5525440310417067,6.921321314940013,0.16383228965724778,-0.9228935883584769,-0.013128337492174513,0.058030195207808624,-2.9906632725840154e-15
2.6834437249412812,6.921321314940013,0.17120693607220017,-0.9876221303349267,-0.020884169045030165,0.0923127095992442,4.5727310826748635e-15
2.8143434188408563,6.921321314940013,0.1790742397939027,-1.0371632115659932,-0.027216778990188262,0.12030426538545891,-1.339206523454095e-15
2.945243112740431,6.921321314940013,0.18729958907444824,-1.0706691704164384,-0.03169461042501889,0.14009728429784973,1.1796119636642288e-15
3.0761428066400054,6.921321314940013,0.19574224590714914,-1.0875667106407247,-0.03401250653720475,0.15034290480705378,-8.881784197001252e-16
3.2070425005395804,6.921321314940013,0.20425775409285102,-1.0875667106407212,-0.034012506537204765,0.15034290480705378,-4.718447854656915e-16
3.337942194439155,6.921321314940013,0.21270041092555178,-1.0706691704164382,-0.03169461042501894,0.1400972842978507,-1.3600232051658168e-15
3.4688418883387295,6.921321314940013,0.2209257602060973,-1.0371632115659937,-0.0272167789901883,0.12030426538545916,1.7416623698807143e-15
3.5997415822383045,6.921321314940013,0.22879306392779963,-0.9876221303349271,-0.02088416904503025,0.09231270959924427,-2.4494295480792516e-15
3.730641276137879,6.921321314940013,0.23616771034275208,-0.9228935883584772,-0.01312833749217453,0.05803019520780872,3.58046925441613e-15
3.8615409700374537,6.921321314940013,0.24292351720615626,-0.8440851089360111,-0.004477831434830694,0.019793018912394968,-2.0261570199409107e-15
3.9924406639370287,6.921321314940013,0.24894489078951548,-0.752545127000285,0.004477831434830592,-0.019793018912396234,-9.367506770274758e-16
4.123340357836603,6.921321314940013,0.2541288037213787,-0.6498399170218925,0.013128337492174456,-0.058030195207803545,-4.718447854656915e-16
4.254240051736178,6.921321314940013,0.2583865578142299,-0.5377267936188295,0.020884169045030234,-0.09231270959924762,3.819861094100929e-15
4.385139745635753,6.921321314940013,0.2616453017150675,-0.41812404341615594,0.027216778990188255,-0.12030426538545755,-3.0149494012476907e-15
4.516039439535327,6.921321314940013,0.2638492774122533,-0.29307810262998324,0.0316946104250189,-0.1400972842978499,-7.528699885739343e-16
4.646939133434902,6.921321314940013,0.26496077427055165,-0.16472854197644843,0.03401250653720477,-0.15034290480705328,3.157196726277789e-15
4.7778388273344765,6.921321314940013,0.26496077427055176,-0.035271458023553234,0.03401250653720477,-0.15034290480705456,-1.3192572034803618e-15
4.908738521234051,6.921321314940013,0.2638492774122535,0.09307810262998245,0.031694610425018956,-0.14009728429785165,2.5916768731093498e-15
5.0396382151336265,6.921321314940013,0.2616453017150676,0.2181240434161551,0.027216778990188283,-0.12030426538545605,-8.98586760555986e-16
5.170537909033201,6.921321314940013,0.2583865578142299,0.3377267936188288,0.020884169045030227,-0.09231270959924483,-1.27675647831893e-15
5.301437602932776,6.921321314940013,0.25412880372137875,0.4498399170218909,0.013128337492174548,-0.05803019520780917,-8.534839501805891e-16
5.43233729683235,6.921321314940013,0.24894489078951576,0.5525451270002868,0.0044778314348306964,-0.019793018912393087,6.0298988024953815e-15
5.563236990731925,6.921321314940013,0.2429235172061562,0.6440851089360102,-0.00447783143483064,0.019793018912392647,-8.153200337090993e-15
5.694136684631499,6.921321314940013,0.23616771034275194,0.7228935883584768,-0.01312833749217446,0.05803019520780877,5.6968318951078345e-15
5.825036378531074,6.921321314940013,0.22879306392779983,0.7876221303349238,-0.020884169045030192,0.09231270959924194,-2.4980018054066022e-15
5.955936072430649,6.921321314940013,0.2209257602060973,0.8371632115659929,-0.027216778990188283,0.1203042653854607,-1.457167719820518e-16
6.086835766330224,6.921321314940013,0.21270041092555192,0.8706691704164381,-0.0316946104250189,0.14009728429785076,1.6653345369377348e-15
6.2177354602297985,6.921321314940013,0.20425775409285113,0.8875667106407296,-0.03401250653720475,0.15034290480705403,-5.967448757360216e-16
0.06544984694978735,7.2158456262140565,0.20425775409285105,0.8875667106407221,0.0340125065372046,-0.15034290480705265,-1.3877787807814457e-16
0.19634954084936207,7.2158456262140565,0.21270041092555164,0.8706691704164394,0.03169461042501878,-0.14009728429785107,-1.762479051592436e-15
0.32724923474893675,7.2158456262140565,0.22092576020609717,0.8371632115659946,0.027216778990188196,-0.12030426538545805,1.7694179454963432e-15
0.4581489286485115,7.2158456262140565,0.22879306392779983,0.7876221303349247,0.020884169045030147,-0.0923127095992447,1.6514567491299204e-15
0.5890486225480862,7.2158456262140565,0.2361677103427519,0.7228935883584775,0.013128337492174427,-0.05803019520780837,-3.011479954295737e-15
0.7199483164476609,7.2158456262140565,0.24292351720615568,0.6440851089360129,0.0044778314348305846,-0.019793018912392647,6.869504964868156e-16
0.8508480103472356,7.2158456262140565,0.24894489078951498,0.5525451270002835,-0.004477831434830638,0.01979301891239249,-1.9984014443252818e-15
0.9817477042468102,7.2158456262140565,0.25412880372137836,0.44983991702189174,-0.013128337492174444,0.058030195207808756,2.733924198139448e-15
1.112647398146385,7.2158456262140565,0.25838655781422964,0.3377267936188305,-0.020884169045030116,0.09231270959924417,2.0747292772682613e-15
1.2435470920459597,7.2158456262140565,0.26164530171506695,0.21812404341615513,-0.027216778990188192,0.12030426538545796,-5.509481759702339e-15
1.3744467859455345,7.2158456262140565,0.26384927741225295,0.09307810262998335,-0.031694610425018754,0.14009728429785043,3.675879045594854e-15
1.505346479845109,7.2158456262140565,0.2649607742705514,-0.03527145802355233,-0.03401250653720459,0.1503429048070525,-8.951173136040325e-16
1.6362461737446838,7.2158456262140565,0.2649607742705513,-0.16472854197644668,-0.034012506537204605,0.15034290480705367,-8.005748841632965e-16
1.7671458676442584,7.2158456262140565,0.263849277412253,-0.29307810262998324,-0.03169461042501878,0.1400972842978507,9.367506770274758e-17
1.8980455615438332,7.2158456262140565,0.26164530171506706,-0.41812404341615506,-0.027216778990188154,0.12030426538545712,1.7416623698807143e-15
2.028945255443408,7.2158456262140565,0.25838655781422964,-0.5377267936188304,-0.020884169045030144,0.09231270959924343,-3.469446951953614e-18
2.1598449493429825,7.2158456262140565,0.25412880372137836,-0.6498399170218909,-0.013128337492174503,0.058030195207809006,-4.191091917959966e-15
2.290744643242557,7.2158456262140565,0.2489448907895152,-0.7525451270002851,-0.004477831434830612,0.019793018912394114,6.189493362285248e-15
2.421644337142132,7.2158456262140565,0.24292351720615596,-0.8440851089360102,0.004477831434830584,-0.01979301891239412,-3.2751579226442118e-15
2.5525440310417067,7.2158456262140565,0.23616771034275155,-0.922893588358477,0.013128337492174435,-0.058030195207808215,-2.5951463200613034e-15
2.6834437249412812,7.2158456262140565,0.22879306392779944,-0.9876221303349269,0.020884169045030158,-0.09231270959924368,3.524958103184872e-15
2.8143434188408563,7.2158456262140565,0.2209257602060973,-1.0371632115659932,0.027216778990188192,-0.12030426538545849,-9.922618282587337e-16
2.945243112740431,7.2158456262140565,0.21270041092555186,-1.0706691704164386,0.0316946104250188,-0.14009728429785015,1.124100812432971e-15
3.0761428066400054,7.2158456262140565,0.20425775409285107,-1.0875667106407247,0.034012506537204605,-0.15034290480705295,-1.2351231148954867e-15
3.2070425005395804,7.2158456262140565,0.195742245907149,-1.0875667106407212,0.03401250653720461,-0.15034290480705373,-3.7470027081099033e-16
3.337942194439155,7.2158456262140565,0.1872995890744481,-1.0706691704164384,0.0316946104250188,-0.14009728429785007,-1.2073675392798577e-15
3.4688418883387295,7.2158456262140565,0.1790742397939028,-1.0371632115659934,0.02721677899018823,-0.12030426538545891,4.211908599671688e-15
3.5997415822383045,7.2158456262140565,0.17120693607220047,-0.9876221303349273,0.020884169045030154,-0.0923127095992439,-3.3514857555871913e-15
3.730641276137879,7.2158456262140565,0.16383228965724828,-0.9228935883584775,0.013128337492174517,-0.05803019520780876,3.3861802251067274e-15
3.8615409700374537,7.2158456262140565,0.15707648279384445,-0.8440851089360111,0.004477831434830643,-0.01979301891239476,-9.43689570931383e-16
3.9924406639370287,7.2158456262140565,0.15105510921048482,-0.752545127000285,-0.004477831434830627,0.019793018912395918,-2.456368441983159e-15
4.123340357836603,7.2158456262140565,0.14587119627862133,-0.6498399170218925,-0.013128337492174423,0.05803019520780365,-5.898059818321144e-16
4.254240051736178,7.2158456262140565,0.14161344218577054,-0.5377267936188295,-0.020884169045030113,0.0923127095992472,3.6012859361278515e-15
4.385139745635753,7.2158456262140565,0.13835469828493302,-0.41812404341615594,-0.027216778990188175,0.12030426538545755,-2.7096380694757727e-15
4.516039439535327,7.2158456262140565,0.1361507225877469,-0.29307810262998324,-0.03169461042501877,0.14009728429784918,1.1535911115245767e-15
4.646939133434902,7.2158456262140565,0.13503922572944868,-0.16472854197644832,-0.0340125065372046,0.15034290480705315,2.3505503099485736e-16
4.7778388273344765,7.2158456262140565,0.13503922572944865,-0.03527145802355326,-0.03401250653720461,0.15034290480705373,-5.646524914304507e-16
4.908738521234051,7.2158456262140565,0.1361507225877469,0.09307810262998245,-0.031694610425018796,0.14009728429785165,-4.718447854656915e-16
5.0396382151336265,7.2158456262140565,0.1383546982849331,0.2181240434161551,-0.027216778990188154,0.1203042653854556,2.688821387764051e-15
5.170537909033201,7.2158456262140565,0.14161344218577065,0.3377267936188288,-0.02088416904503017,0.0923127095992446,-2.5396351688300456e-15
5.301437602932776,7.2158456262140565,0.14587119627862138,0.4498399170218909,-0.013128337492174508,0.058030195207808964,-1.6930901125533637e-15
5.43233729683235,7.2158456262140565,0.15105510921048504,0.5525451270002868,-0.004477831434830636,0.019793018912392872,6.480926906249351e-15
5.563236990731925,7.2158456262140565,0.15707648279384434,0.6440851089360102,0.004477831434830507,-0.019793018912392435,-7.958911307781591e-15
5.694136684631499,7.2158456262140565,0.1638322896572481,0.7228935883584772,0.013128337492174413,-0.058030195207808534,4.461708780212348e-15
5.825036378531074,7.2158456262140565,0.17120693607220042,0.7876221303349238,0.020884169045030068,-0.09231270959924173,-2.588207426157396e-15
5.955936072430649,7.2158456262140565,0.17907423979390258,0.837163211565993,0.02721677899018817,-0.12030426538546121,4.718447854656915e-16
6.086835766330224,7.2158456262140565,0.18729958907444816,0.870669170416438,0.03169461042501879,-0.1400972842978493,7.632783294297951e-16
6.2177354602297985,7.2158456262140565,0.19574224590714911,0.8875667106407297,0.03401250653720461,-0.15034290480705348,1.124100812432971e-15
0.06544984694978735,7.5103699374880994,0.21260963917654066,0.8496150757845913,0.10073043805982199,-0.44525112090267116,-2.220446049250313e-16
0.19634954084936207,7.5103699374880994,0.23761316310725858,0.833366898554878,0.09386582517096473,-0.4149079928254201,-1.8041124150158794e-15
0.32724923474893675,7.5103699374880994,0.26197311538887247,0.8011485549126973,0.08060441141731672,-0.3562895707049974,1.942890293094024e-15
0.4581489286485115,7.5103699374880994,0.28527269048398946,0.7535113096503792,0.061849940230666575,-0.2733906031373825,5.218048215738236e-15
0.5890486225480862,7.5103699374880994,0.3071132262028687,0.6912702492419025,0.03888049782915539,-0.17186051776528802,-4.6074255521944e-15
0.7199483164476609,7.5103699374880994,0.32712102492401984,0.6154903354873382,0.013261413753648,-0.05861842212042406,-9.992007221626409e-16
0.8508480103472356,7.5103699374880994,0.34495374766411435,0.5274681837211861,-0.013261413753648067,0.0586184221204242,-3.0531133177191805e-15
0.9817477042468102,7.5103699374880994,0.3603062715929046,0.4287098773645185,-0.038880497829155404,0.171860517765288,2.456368441983159e-15
1.112647398146385,7.5103699374880994,0.3729159107694454,0.3209051984200728,-0.0618499402306665,0.2733906031373799,9.992007221626409e-16
1.2435470920459597,7.5103699374880994,0.38256691077137306,0.20589871483369132,-0.0806044114173167,0.3562895707049986,-7.979727989493313e-16
1.3744467859455345,7.5103699374880994,0.38909414031289236,0.08565821942536021,-0.09386582517096473,0.41490799282542146,1.9290125052862095e-15
1.505346479845109,7.5103699374880994,0.39238591668685774,-0.03775893959152267,-0.100730438059822,0.4452511209026702,-2.8727020762175925e-15
1.6362461737446838,7.5103699374880994,0.3923859166868575,-0.16224106040847644,-0.100730438059822,0.4452511209026708,-3.3133218391157016e-16
1.7671458676442584,7.5103699374880994,0.38909414031289224,-0.28565821942536024,-0.09386582517096476,0.41490799282542234,9.922618282587337e-16
1.8980455615438332,7.5103699374880994,0.38256691077137317,-0.40589871483369133,-0.08060441141731671,0.35628957070499645,9.367506770274758e-16
2.028945255443408,7.5103699374880994,0.37291591076944564,-0.5209051984200728,-0.06184994023066659,0.27339060313738145,-1.5681900222830336e-15
2.1598449493429825,7.5103699374880994,0.36030627159290474,-0.6287098773645177,-0.03888049782915552,0.17186051776528855,-3.3029134982598407e-15
2.290744643242557,7.5103699374880994,0.34495374766411463,-0.7274681837211877,-0.013261413753648104,0.05861842212042967,6.022959908591474e-15
2.421644337142132,7.5103699374880994,0.32712102492402007,-0.815490335487336,0.013261413753647991,-0.058618422120429114,-4.579669976578771e-15
2.5525440310417067,7.5103699374880994,0.3071132262028682,-0.8912702492419016,0.03888049782915538,-0.17186051776528752,-2.4424906541753444e-15
2.6834437249412812,7.5103699374880994,0.28527269048398896,-0.9535113096503812,0.06184994023066654,-0.2733906031373782,5.689893001203927e-15
2.8143434188408563,7.5103699374880994,0.2619731153888727,-1.0011485549126964,0.08060441141731674,-0.3562895707050001,1.3877787807814457e-16
2.945243112740431,7.5103699374880994,0.23761316310725894,-1.0333668985548772,0.09386582517096477,-0.4149079928254209,2.1371793224034263e-15
3.0761428066400054,7.5103699374880994,0.21260963917654074,-1.0496150757845935,0.10073043805982199,-0.4452511209026707,-3.0531133177191805e-15
3.2070425005395804,7.5103699374880994,0.18739036082345956,-1.0496150757845901,0.10073043805982201,-0.44525112090267105,2.55351295663786e-15
3.337942194439155,7.5103699374880994,0.16238683689274133,-1.0333668985548772,0.09386582517096476,-0.4149079928254189,-5.717648576819556e-15
3.4688418883387295,7.5103699374880994,0.13802688461112758,-1.0011485549126964,0.08060441141731682,-0.3562895707050022,6.938893903907228e-15
3.5997415822383045,7.5103699374880994,0.11472730951601101,-0.9535113096503816,0.061849940230666575,-0.27339060313737873,-5.384581669432009e-15
3.730641276137879,7.5103699374880994,0.09288677379713164,-0.8912702492419025,0.03888049782915552,-0.1718605177652872,3.802513859341161e-15
3.8615409700374537,7.5103699374880994,0.07287897507598061,-0.8154903354873368,0.013261413753648133,-0.058618422120430363,-1.3877787807814457e-16
3.9924406639370287,7.5103699374880994,0.05504625233588559,-0.7274681837211874,-0.013261413753648043,0.05861842212043443,-3.219646771412954e-15
4.123340357836603,7.5103699374880994,0.03969372840709502,-0.6287098773645192,-0.03888049782915531,0.17186051776527414,1.5681900222830336e-15
4.254240051736178,7.5103699374880994,0.027084089230554623,-0.5209051984200719,-0.06184994023066655,0.27339060313739083,7.632783294297951e-16
4.385139745635753,7.5103699374880994,0.017433089228626943,-0.40589871483369216,-0.08060441141731671,0.35628957070499767,-2.8171909249863347e-15
4.516039439535327,7.5103699374880994,0.010905859687107756,-0.2856582194253602,-0.09386582517096471,0.41490799282541935,3.566591466608315e-15
4.646939133434902,7.5103699374880994,0.0076140833131423,-0.16224106040847813,-0.10073043805982201,0.4452511209026708,-4.978656376053436e-15
4.7778388273344765,7.5103699374880994,0.007614083313142186,-0.037758939591523544,-0.100730438059822,0.44525112090267,2.381775332516156e-15
4.908738521234051,7.5103699374880994,0.01090585968710769,0.0856582194253594,-0.0938658251709648,0.4149079928254276,-5.134781488891349e-16
5.0396382151336265,7.5103699374880994,0.01743308922862709,0.20589871483369127,-0.08060441141731668,0.35628957070499107,2.9004576518332215e-15
5.170537909033201,7.5103699374880994,0.02708408923055451,0.3209051984200715,-0.06184994023066661,0.2733906031373826,-2.789435349370706e-15
5.301437602932776,7.5103699374880994,0.03969372840709463,0.4287098773645176,-0.038880497829155536,0.17186051776528904,-1.1518563880486e-15
5.43233729683235,7.5103699374880994,0.05504625233588539,0.5274681837211891,-0.01326141375364814,0.05861842212042434,6.13398221105399e-15
5.563236990731925,7.5103699374880994,0.07287897507598008,0.615490335487336,0.013261413753647842,-0.05861842212042376,-7.521760991835436e-15
5.694136684631499,7.5103699374880994,0.09288677379713123,0.691270249241902,0.03888049782915528,-0.17186051776528705,4.413136522884997e-15
5.825036378531074,7.5103699374880994,0.11472730951601065,0.7535113096503784,0.061849940230666374,-0.27339060313737445,-1.2212453270876722e-15
5.955936072430649,7.5103699374880994,0.13802688461112714,0.801148554912696,0.08060441141731668,-0.3562895707050058,-4.718447854656915e-16
6.086835766330224,7.5103699374880994,0.16238683689274114,0.8333668985548766,0.09386582517096474,-0.4149079928254199,2.4702462297909733e-15
6.2177354602297985,7.5103699374880994,0.18739036082345942,0.8496150757845985,0.100730438059822,-0.4452511209026727,5.551115123125783e-17
0.06544984694978735,7.804894248762142,0.22047694289824293,0.7751702661163284,0.16357735533808118,-0.7230485861217207,-4.440892098500626e-16
0.19634954084936207,7.804894248762142,0.2610804625244588,0.7601958602200396,0.15242982889615203,-0.6737740198718112,1.887379141862766e-15
0.32724923474893675,7.804894248762142,0.3006388785021775,0.7305032646640373,0.1308944615171527,-0.5785828676318537,-4.163336342344337e-15
0.4581489286485115,7.804894248762142,0.3384753353663557,0.6866005279906262,0.10043885289908475,-0.4439622491161781,6.050715484207103e-15
0.5890486225480862,7.804894248762142,0.3739424408497992,0.6292388381964292,0.06313850243899642,-0.2790863370055439,-5.828670879282072e-15
0.7199483164476609,7.804894248762142,0.4064333429443467,0.5593996696974881,0.021535367378999287,-0.09519115223995958,3.0531133177191805e-16
0.8508480103472356,7.804894248762142,0.4353921133069812,0.4782779900298951,-0.021535367378999352,0.0951911522399608,-1.609823385706477e-15
0.9817477042468102,7.804894248762142,0.4603232593479101,0.3872618136239415,-0.06313850243899644,0.27908633700554325,2.0539125955565396e-15
1.112647398146385,7.804894248762142,0.4808002022461534,0.2879084524923867,-0.10043885289908466,0.44396224911617665,3.0808688933348094e-15
1.2435470920459597,7.804894248762142,0.4964725758314402,0.1819178701901445,-0.13089446151715273,0.5785828676318546,-5.370703881624195e-15
1.3744467859455345,7.804894248762142,0.5070722214465243,0.07110359496654951,-0.152429828896152,0.6737740198718133,5.002942504717112e-15
1.505346479845109,7.804894248762142,0.5124177762161547,-0.04263831020580193,-0.16357735533808118,0.72304858612172,-4.683753385137379e-16
1.6362461737446838,7.804894248762142,0.5124177762161545,-0.15736168979419712,-0.1635773553380812,0.723048586121721,-1.97758476261356e-15
1.7671458676442584,7.804894248762142,0.5070722214465242,-0.2711035949665495,-0.15242982889615206,0.6737740198718147,7.563394355258879e-16
1.8980455615438332,7.804894248762142,0.4964725758314404,-0.38191787019014456,-0.1308944615171527,0.578582867631853,4.801714581503802e-15
2.028945255443408,7.804894248762142,0.4808002022461535,-0.4879084524923868,-0.10043885289908476,0.4439622491161731,-2.4147350785597155e-15
2.1598449493429825,7.804894248762142,0.4603232593479103,-0.587261813623941,-0.0631385024389966,0.27908633700554525,-4.440892098500626e-15
2.290744643242557,7.804894248762142,0.4353921133069816,-0.6782779900298963,-0.021535367378999446,0.09519115223996891,6.716849298982197e-15
2.421644337142132,7.804894248762142,0.406433342944347,-0.7593996696974863,0.02153536737899926,-0.09519115223996799,-3.6914915568786455e-15
2.5525440310417067,7.804894248762142,0.3739424408497989,-0.8292388381964282,0.06313850243899638,-0.2790863370055432,-3.2751579226442118e-15
2.6834437249412812,7.804894248762142,0.33847533536635543,-0.8866005279906282,0.10043885289908466,-0.4439622491161735,2.886579864025407e-15
2.8143434188408563,7.804894248762142,0.3006388785021776,-0.9305032646640363,0.13089446151715273,-0.5785828676318563,-3.3306690738754696e-16
2.945243112740431,7.804894248762142,0.2610804625244591,-0.9601958602200386,0.15242982889615206,-0.6737740198718111,3.83026943495679e-15
3.0761428066400054,7.804894248762142,0.22047694289824324,-0.9751702661163306,0.16357735533808118,-0.7230485861217212,-3.774758283725532e-15
3.2070425005395804,7.804894248762142,0.17952305710175703,-0.9751702661163275,0.1635773553380812,-0.7230485861217215,-2.3314683517128287e-15
3.337942194439155,7.804894248762142,0.13891953747554114,-0.9601958602200387,0.15242982889615211,-0.6737740198718102,3.885780586188048e-16
3.4688418883387295,7.804894248762142,0.09936112149782263,-0.9305032646640363,0.1308944615171529,-0.5785828676318604,3.6637359812630166e-15
3.5997415822383045,7.804894248762142,0.061524664633644796,-0.8866005279906286,0.10043885289908482,-0.44396224911617244,-1.4988010832439613e-15
3.730641276137879,7.804894248762142,0.02605755915020122,-0.8292388381964291,0.06313850243899662,-0.2790863370055439,1.0547118733938987e-15
3.8615409700374537,7.804894248762142,-0.006433342944346554,-0.7593996696974872,0.021535367378999495,-0.09519115223996971,1.942890293094024e-16
3.9924406639370287,7.804894248762142,-0.035392113306981304,-0.6782779900298959,-0.021535367378999304,0.0951911522399769,-2.7200464103316335e-15
4.123340357836603,7.804894248762142,-0.06032325934791011,-0.5872618136239427,-0.06313850243899626,0.27908633700552066,1.0269562977782698e-15
4.254240051736178,7.804894248762142,-0.08080020224615313,-0.4879084524923854,-0.10043885289908472,0.44396224911619175,-9.159339953157541e-16
4.385139745635753,7.804894248762142,-0.09647257583144024,-0.38191787019014534,-0.13089446151715267,0.5785828676318525,2.886579864025407e-15
4.516039439535327,7.804894248762142,-0.1070722214465244,-0.2711035949665495,-0.152429828896152,0.6737740198718078,-3.767819389821625e-15
4.646939133434902,7.804894248762142,-0.11241777621615476,-0.15736168979419884,-0.16357735533808118,0.7230485861217211,7.875644580934704e-16
4.7778388273344765,7.804894248762142,-0.11241777621615455,-0.04263831020580286,-0.1635773553380812,0.7230485861217214,3.3480163086352377e-15
4.908738521234051,7.804894248762142,-0.10707222144652467,0.07110359496654914,-0.15242982889615214,0.6737740198718214,-5.072331443756184e-15
5.0396382151336265,7.804894248762142,-0.09647257583144041,0.181917870190144,-0.13089446151715267,0.5785828676318439,7.854827899222983e-15
5.170537909033201,7.804894248762142,-0.0808002022461528,0.28790845249238545,-0.10043885289908482,0.44396224911617865,-4.163336342344337e-15
5.301437602932776,7.804894248762142,-0.06032325934791016,0.3872618136239411,-0.06313850243899663,0.2790863370055444,-1.304512053934559e-15
5.43233729683235,7.804894248762142,-0.03539211330698122,0.4782779900298977,-0.02153536737899951,0.09519115223996058,5.662137425588298e-15
5.563236990731925,7.804894248762142,-0.006433342944346693,0.5593996696974862,0.02153536737899903,-0.09519115223995811,-7.299716386910404e-15
5.694136684631499,7.804894248762142,0.026057559150200887,0.6292388381964285,0.0631385024389962,-0.27908633700554286,2.7200464103316335e-15
5.825036378531074,7.804894248762142,0.061524664633644435,0.6866005279906258,0.10043885289908443,-0.44396224911616466,-1.5543122344752192e-15
5.955936072430649,7.804894248762142,0.09936112149782221,0.7305032646640357,0.13089446151715264,-0.5785828676318665,-1.8318679906315083e-15
6.086835766330224,7.804894248762142,0.13891953747554092,0.7601958602200385,0.15242982889615198,-0.6737740198718077,1.1102230246251565e-15
6.2177354602297985,7.804894248762142,0.17952305710175692,0.7751702661163349,0.16357735533808118,-0.7230485861217236,5.551115123125783e-17
0.06544984694978735,8.099418560036185,0.2275573291879678,0.6670931539223545,0.22013808658593548,-0.9730596996664231,1.8318679906315083e-15
0.19634954084936207,8.099418560036185,0.2822004740211621,0.6539679773803411,0.20513603978049286,-0.9067472891913374,5.551115123125783e-17
0.32724923474893675,8.099418560036185,0.3354371459535769,0.6279421997059346,0.17615431086734407,-0.7786415494286179,-4.6629367034256575e-15
0.4581489286485115,8.099418560036185,0.38635645076845565,0.5894611291708518,0.1351679567773486,-0.5974726748383287,9.825473767932635e-15
0.5890486225480862,8.099418560036185,0.4340871450429167,0.539183187560919,0.08497012980858683,-0.37558702482808975,-6.106226635438361e-15
0.7199483164476609,8.099418560036185,0.47781254336447493,0.4779686443967588,0.02898172891314878,-0.12810573976272693,-6.106226635438361e-16
0.8508480103472356,8.099418560036185,0.5167844920448788,0.40686489748378774,-0.028981728913148805,0.12810573976272616,-1.2212453270876722e-15
0.9817477042468102,8.099418560036185,0.5503361702371404,0.3270885516453697,-0.08497012980858683,0.3755870248280913,-9.159339953157541e-16
1.112647398146385,8.099418560036185,0.5778934994251084,0.24000460227698459,-0.13516795677734844,0.5974726748383262,5.10702591327572e-15
1.2435470920459597,8.099418560036185,0.5989849660660407,0.14710307989655313,-0.17615431086734404,0.778641549428616,-6.217248937900877e-15
1.3744467859455345,8.099418560036185,0.6132496893180519,0.04997355530917631,-0.2051360397804928,0.9067472891913392,7.53563877964325e-15
1.505346479845109,8.099418560036185,0.6204435958113718,-0.04972205839006599,-0.22013808658593548,0.9730596996664224,-7.53563877964325e-15
1.6362461737446838,8.099418560036185,0.6204435958113715,-0.15027794160993305,-0.22013808658593545,0.973059699666421,3.389649672058681e-15
1.7671458676442584,8.099418560036185,0.6132496893180518,-0.24997355530917623,-0.2051360397804929,0.906747289191344,-3.400058012914542e-15
1.8980455615438332,8.099418560036185,0.5989849660660407,-0.3471030798965531,-0.17615431086734404,0.7786415494286122,5.467848396278896e-15
2.028945255443408,8.099418560036185,0.5778934994251086,-0.4400046022769847,-0.1351679567773486,0.5974726748383272,-1.887379141862766e-15
2.1598449493429825,8.099418560036185,0.5503361702371405,-0.5270885516453696,-0.08497012980858702,0.375587024828091,-4.163336342344337e-15
2.290744643242557,8.099418560036185,0.5167844920448789,-0.6068648974837886,-0.02898172891314897,0.12810573976273834,6.161737786669619e-15
2.421644337142132,8.099418560036185,0.4778125433644751,-0.677968644396757,0.028981728913148715,-0.1281057397627371,-4.440892098500626e-15
2.5525440310417067,8.099418560036185,0.4340871450429161,-0.7391831875609183,0.08497012980858676,-0.375587024828091,-2.275957200481571e-15
2.6834437249412812,8.099418560036185,0.38635645076845526,-0.7894611291708536,0.13516795677734844,-0.5974726748383208,1.1102230246251565e-15
2.8143434188408563,8.099418560036185,0.33543714595357726,-0.8279421997059335,0.1761543108673441,-0.7786415494286202,7.827072323607354e-15
2.945243112740431,8.099418560036185,0.2822004740211622,-0.8539679773803401,0.20513603978049283,-0.9067472891913386,-7.049916206369744e-15
3.0761428066400054,8.099418560036185,0.22755732918796784,-0.8670931539223563,0.22013808658593548,-0.9730596996664224,4.163336342344337e-15
3.2070425005395804,8.099418560036185,0.1724426708120325,-0.8670931539223538,0.22013808658593548,-0.9730596996664216,-1.8318679906315083e-15
3.337942194439155,8.099418560036185,0.11779952597883817,-0.8539679773803401,0.20513603978049294,-0.9067472891913371,-1.609823385706477e-15
3.4688418883387295,8.099418560036185,0.06456285404642326,-0.8279421997059337,0.17615431086734426,-0.7786415494286241,3.3861802251067274e-15
3.5997415822383045,8.099418560036185,0.013643549231544816,-0.7894611291708539,0.13516795677734866,-0.5974726748383227,-1.6653345369377348e-15
3.730641276137879,8.099418560036185,-0.03408714504291607,-0.7391831875609187,0.08497012980858705,-0.3755870248280893,1.1102230246251565e-15
3.8615409700374537,8.099418560036185,-0.07781254336447446,-0.6779686443967579,0.028981728913149048,-0.1281057397627401,1.887379141862766e-15
3.9924406639370287,8.099418560036185,-0.11678449204487851,-0.6068648974837884,-0.028981728913148756,0.1281057397627484,-2.942091015256665e-15
4.123340357836603,8.099418560036185,-0.15033617023714066,-0.5270885516453714,-0.08497012980858659,0.37558702482806006,-1.1102230246251565e-15
4.254240051736178,8.099418560036185,-0.17789349942510824,-0.4400046022769832,-0.13516795677734855,0.5974726748383475,-1.1379786002407855e-15
4.385139745635753,8.099418560036185,-0.19898496606604066,-0.3471030798965534,-0.176154310867344,0.7786415494286147,2.220446049250313e-16
4.516039439535327,8.099418560036185,-0.21324968931805172,-0.2499735553091763,-0.20513603978049277,0.9067472891913364,5.953570969552402e-15
4.646939133434902,8.099418560036185,-0.22044359581137174,-0.15027794160993468,-0.22013808658593548,0.9730596996664219,-9.710982018518166e-15
4.7778388273344765,8.099418560036185,-0.22044359581137188,-0.04972205839006691,-0.22013808658593545,0.9730596996664215,7.400330348517059e-15
4.908738521234051,8.099418560036185,-0.213249689318052,0.04997355530917637,-0.20513603978049297,0.9067472891913496,-4.579669976578771e-15
5.0396382151336265,8.099418560036185,-0.19898496606604082,0.14710307989655277,-0.176154310867344,0.778641549428605,6.855627177060342e-15
5.170537909033201,8.099418560036185,-0.17789349942510832,0.24000460227698286,-0.13516795677734864,0.5974726748383281,-8.881784197001252e-16
5.301437602932776,8.099418560036185,-0.15033617023714102,0.3270885516453697,-0.08497012980858709,0.3755870248280936,-4.3021142204224816e-15
5.43233729683235,8.099418560036185,-0.1167844920448789,0.4068648974837899,-0.02898172891314904,0.12810573976272527,5.2735593669694936e-15
5.563236990731925,8.099418560036185,-0.07781254336447496,0.47796864439675724,0.028981728913148447,-0.12810573976272419,-5.384581669432009e-15
5.694136684631499,8.099418560036185,-0.03408714504291663,0.5391831875609181,0.08497012980858652,-0.37558702482808964,2.7755575615628914e-15
5.825036378531074,8.099418560036185,0.013643549231544372,0.5894611291708516,0.1351679567773482,-0.5974726748383125,4.996003610813204e-16
5.955936072430649,8.099418560036185,0.06456285404642265,0.6279421997059332,0.17615431086734398,-0.7786415494286325,-9.992007221626409e-16
6.086835766330224,8.099418560036185,0.11779952597883755,0.6539679773803401,0.2051360397804928,-0.9067472891913353,3.3306690738754696e-16
6.2177354602297985,8.099418560036185,0.17244267081203202,0.6670931539223602,0.22013808658593548,-0.9730596996664265,1.8318679906315083e-15
0.06544984694978735,8.393942871310228,0.23357870277132706,0.5295370820139416,0.26823903462115367,-1.185676674651114,1.2212453270876722e-15
0.19634954084936207,8.393942871310228,0.3001615673997884,0.5187655280000292,0.249958987697686,-1.1048747686969886,-2.220446049250313e-16
0.32724923474893675,8.393942871310228,0.36503063984000594,0.49740672424782195,0.2146446488393792,-0.9487774731480556,-6.6058269965196814e-15
0.4581489286485115,8.393942871310228,0.4270759922774243,0.4658261258112977,0.16470263187972256,-0.7280225607329831,1.2601031329495527e-14
0.5890486225480862,8.393942871310228,0.4852360115296167,0.42456408548550395,0.10353640274143112,-0.45765411391812916,-7.93809462606987e-15
0.7199483164476609,8.393942871310228,0.5385155635421737,0.3743266082204123,0.0353143388583068,-0.15609729554893742,-1.27675647831893e-15
0.8508480103472356,8.393942871310228,0.5860030204082791,0.3159732711804879,-0.03531433885830681,0.15609729554893798,-4.996003610813204e-16
0.9817477042468102,8.393942871310228,0.6268858585749431,0.2505025161410862,-0.10353640274143108,0.45765411391812827,-2.7755575615628914e-16
1.112647398146385,8.393942871310228,0.6604645613462703,0.17903456587285538,-0.16470263187972234,0.7280225607329792,5.9396931817445875e-15
1.2435470920459597,8.393942871310228,0.6861645878080675,0.10279225681954099,-0.21464464883937917,0.9487774731480559,-5.412337245047638e-15
1.3744467859455345,8.393942871310228,0.70354620338218,0.023080116027409975,-0.24995898769768599,1.104874768696991,4.163336342344337e-15
1.505346479845109,8.393942871310228,0.7123120038070403,-0.058737959674205156,-0.26823903462115367,1.1856766746511147,-5.93275428784068e-15
1.6362461737446838,8.393942871310228,0.7123120038070401,-0.1412620403257938,-0.2682390346211536,1.1856766746511085,3.95516952522712e-15
1.7671458676442584,8.393942871310228,0.7035462033821798,-0.22308011602740987,-0.24995898769768607,1.1048747686969975,-5.689893001203927e-16
1.8980455615438332,8.393942871310228,0.6861645878080675,-0.3027922568195414,-0.2146446488393792,0.94877747314805,2.248201624865942e-15
2.028945255443408,8.393942871310228,0.6604645613462709,-0.3790345658728551,-0.1647026318797225,0.7280225607329802,4.496403249731884e-15
2.1598449493429825,8.393942871310228,0.6268858585749435,-0.45050251614108594,-0.10353640274143135,0.45765411391813005,-7.771561172376096e-15
2.290744643242557,8.393942871310228,0.5860030204082793,-0.5159732711804887,-0.03531433885830702,0.15609729554895108,6.661338147750939e-15
2.421644337142132,8.393942871310228,0.5385155635421738,-0.5743266082204106,0.03531433885830672,-0.1560972955489513,-6.050715484207103e-15
2.5525440310417067,8.393942871310228,0.48523601152961604,-0.6245640854855037,0.10353640274143101,-0.45765411391812805,1.3877787807814457e-15
2.6834437249412812,8.393942871310228,0.4270759922774239,-0.6658261258112992,0.1647026318797223,-0.7280225607329739,-1.1102230246251565e-16
2.8143434188408563,8.393942871310228,0.36503063984000605,-0.697406724247821,0.21464464883937917,-0.9487774731480583,1.1657341758564144e-15
2.945243112740431,8.393942871310228,0.3001615673997884,-0.7187655280000287,0.249958987697686,-1.1048747686969884,1.7763568394002505e-15
3.0761428066400054,8.393942871310228,0.23357870277132714,-0.7295370820139429,0.26823903462115367,-1.1856766746511174,-8.881784197001252e-16
3.2070425005395804,8.393942871310228,0.16642129722867316,-0.7295370820139409,0.26823903462115367,-1.1856766746511085,3.3306690738754696e-16
3.337942194439155,8.393942871310228,0.09983843260021193,-0.7187655280000287,0.24995898769768612,-1.1048747686969889,-1.6653345369377348e-15
3.4688418883387295,8.393942871310228,0.03496936015999422,-0.6974067242478212,0.21464464883937945,-0.9487774731480658,4.385380947269368e-15
3.5997415822383045,8.393942871310228,-0.02707599227742366,-0.6658261258112994,0.1647026318797226,-0.7280225607329737,-3.7192471324942744e-15
3.730641276137879,8.393942871310228,-0.08523601152961607,-0.6245640854855039,0.10353640274143136,-0.45765411391812993,4.440892098500626e-16
3.8615409700374537,8.393942871310228,-0.13851556354217343,-0.5743266082204115,0.03531433885830711,-0.1560972955489513,2.4424906541753444e-15
3.9924406639370287,8.393942871310228,-0.18600302040827899,-0.5159732711804885,-0.035314338858306746,0.15609729554896312,-4.163336342344337e-15
4.123340357836603,8.393942871310228,-0.22688585857494328,-0.4505025161410873,-0.10353640274143078,0.4576541139180903,3.497202527569243e-15
4.254240051736178,8.393942871310228,-0.2604645613462703,-0.37903456587285467,-0.1647026318797225,0.7280225607330095,-2.3037127760972e-15
4.385139745635753,8.393942871310228,-0.2861645878080677,-0.30279225681954103,-0.21464464883937917,0.948777473148051,-4.9960036108132044e-15
4.516039439535327,8.393942871310228,-0.30354620338217975,-0.22308011602741035,-0.2499589876976859,1.1048747686969846,7.993605777301127e-15
4.646939133434902,8.393942871310228,-0.31231200380704016,-0.14126204032579506,-0.26823903462115367,1.1856766746511156,-6.369904603786836e-15
4.7778388273344765,8.393942871310228,-0.3123120038070404,-0.05873795967420607,-0.26823903462115367,1.1856766746511107,6.2727600891321345e-15
4.908738521234051,8.393942871310228,-0.30354620338218,0.02308011602740994,-0.2499589876976862,1.1048747686970044,-9.56179579958416e-15
5.0396382151336265,8.393942871310228,-0.2861645878080675,0.10279225681954109,-0.21464464883937917,0.9487774731480397,8.215650382226158e-15
5.170537909033201,8.393942871310228,-0.2604645613462702,0.17903456587285402,-0.16470263187972262,0.7280225607329847,-3.858025010572419e-15
5.301437602932776,8.393942871310228,-0.2268858585749438,0.250502516141086,-0.1035364027414314,0.4576541139181298,-2.609024107869118e-15
5.43233729683235,8.393942871310228,-0.18600302040827962,0.3159732711804897,-0.03531433885830712,0.15609729554893692,3.2751579226442118e-15
5.563236990731925,8.393942871310228,-0.13851556354217387,0.37432660822041086,0.03531433885830639,-0.1560972955489339,-1.5543122344752192e-15
5.694136684631499,8.393942871310228,-0.08523601152961643,0.42456408548550345,0.1035364027414307,-0.45765411391812616,9.43689570931383e-16
5.825036378531074,8.393942871310228,-0.02707599227742452,0.4658261258112973,0.164702631879722,-0.7280225607329645,-3.3306690738754696e-15
5.955936072430649,8.393942871310228,0.034969360159993246,0.49740672424782084,0.2146446488393791,-0.948777473148073,1.6653345369377348e-16
6.086835766330224,8.393942871310228,0.09983843260021116,0.5187655280000285,0.24995898769768593,-1.1048747686969849,-2.220446049250313e-16
6.2177354602297985,8.393942871310228,0.16642129722867272,0.5295370820139462,0.26823903462115367,-1.185676674651119,1.3322676295501878e-15
0.06544984694978735,8.688467182584272,0.23830966563833822,0.3677882530921954,0.3060317069860648,-1.3527287599641094,3.6637359812630166e-15
0.19634954084936207,8.688467182584272,0.31427350791449643,0.3597842663863818,0.2851761518962725,-1.2605425304625237,-9.992007221626409e-16
0.32724923474893675,8.688467182584272,0.3882820987876352,0.3439132434064158,0.244886313330623,-1.082452410654955,-4.218847493575595e-15
0.4581489286485115,8.688467182584272,0.45906913074885847,0.32044674175576215,0.18790787720525895,-0.8305949478984322,1.1213252548714081e-14
0.5890486225480862,8.688467182584272,0.5254234180554356,0.28978627978380894,0.11812382978080584,-0.5221338120656757,-8.93729534823251e-15
0.7199483164476609,8.688467182584272,0.5862096204546667,0.2524564664955814,0.04028983856564951,-0.1780901198075771,3.885780586188048e-16
0.8508480103472356,8.688467182584272,0.6403876691703829,0.2090960253462197,-0.04028983856564951,0.17809011980757722,-2.4424906541753444e-15
0.9817477042468102,8.688467182584272,0.6870305627680647,0.16044686550557608,-0.11812382978080581,0.5221338120656782,1.3877787807814457e-15
1.112647398146385,8.688467182584272,0.7253402284064029,0.10734138758661943,-0.18790787720525873,0.8305949478984243,2.220446049250313e-16
1.2435470920459597,8.688467182584272,0.7546611770848791,0.05068824104016194,-0.2448863133306229,1.0824524106549565,7.771561172376096e-16
1.3744467859455345,8.688467182584272,0.7744917192423024,-0.00854322308916547,-0.28517615189627243,1.2605425304625277,7.646661082105766e-15
1.505346479845109,8.688467182584272,0.7844925488042935,-0.06933953802804613,-0.3060317069860648,1.3527287599641047,-1.2483070133129104e-14
1.6362461737446838,8.688467182584272,0.7844925488042931,-0.13066046197195313,-0.3060317069860648,1.352728759964111,3.858025010572419e-15
1.7671458676442584,8.688467182584272,0.774491719242302,-0.1914567769108345,-0.2851761518962726,1.2605425304625302,-4.801714581503802e-15
1.8980455615438332,8.688467182584272,0.754661177084879,-0.2506882410401623,-0.24488631333062302,1.0824524106549538,4.496403249731884e-15
2.028945255443408,8.688467182584272,0.725340228406403,-0.3073413875866192,-0.18790787720525892,0.8305949478984209,-2.609024107869118e-15
2.1598449493429825,8.688467182584272,0.6870305627680646,-0.3604468655055757,-0.11812382978080611,0.5221338120656805,-4.9404924595819466e-15
2.290744643242557,8.688467182584272,0.6403876691703829,-0.4090960253462205,-0.04028983856564978,0.17809011980759248,6.827871601444713e-15
2.421644337142132,8.688467182584272,0.586209620454667,-0.4524564664955801,0.04028983856564939,-0.17809011980759204,-2.55351295663786e-15
2.5525440310417067,8.688467182584272,0.5254234180554349,-0.4897862797838088,0.11812382978080567,-0.522133812065674,-4.6629367034256575e-15
2.6834437249412812,8.688467182584272,0.4590691307488577,-0.5204467417557632,0.18790787720525867,-0.8305949478984194,1.5543122344752192e-15
2.8143434188408563,8.688467182584272,0.3882820987876354,-0.5439132434064151,0.244886313330623,-1.08245241065496,6.994405055138486e-15
2.945243112740431,8.688467182584272,0.31427350791449654,-0.5597842663863813,0.2851761518962725,-1.2605425304625304,-3.774758283725532e-15
3.0761428066400054,8.688467182584272,0.23830966563833816,-0.5677882530921965,0.30603170698606474,-1.352728759964106,-3.3306690738754696e-16
3.2070425005395804,8.688467182584272,0.16169033436166214,-0.5677882530921949,0.3060317069860648,-1.35272875996411,-3.3306690738754696e-16
3.337942194439155,8.688467182584272,0.08572649208550402,-0.5597842663863815,0.2851761518962726,-1.2605425304625222,-1.1102230246251565e-15
3.4688418883387295,8.688467182584272,0.011717901212365045,-0.5439132434064151,0.24488631333062325,-1.0824524106549656,3.1086244689504383e-15
3.5997415822383045,8.688467182584272,-0.05906913074885778,-0.5204467417557636,0.187907877205259,-0.8305949478984214,-2.1094237467877974e-15
3.730641276137879,8.688467182584272,-0.12542341805543483,-0.48978627978380884,0.11812382978080611,-0.522133812065676,2.275957200481571e-15
3.8615409700374537,8.688467182584272,-0.18620962045466627,-0.45245646649558074,0.04028983856564985,-0.17809011980759348,1.4988010832439613e-15
3.9924406639370287,8.688467182584272,-0.24038766917038257,-0.4090960253462206,-0.040289838565649425,0.17809011980760567,-2.886579864025407e-15
4.123340357836603,8.688467182584272,-0.28703056276806477,-0.3604468655055763,-0.11812382978080546,0.5221338120656341,-1.0547118733938987e-15
4.254240051736178,8.688467182584272,-0.32534022840640286,-0.307341387586619,-0.18790787720525884,0.8305949478984563,1.3322676295501878e-15
4.385139745635753,8.688467182584272,-0.35466117708487915,-0.25068824104016224,-0.24488631333062294,1.082452410654953,-4.274358644806853e-15
4.516039439535327,8.688467182584272,-0.37449171924230173,-0.19145677691083485,-0.2851761518962724,1.2605425304625235,9.742207041085749e-15
4.646939133434902,8.688467182584272,-0.38449254880429334,-0.13066046197195408,-0.3060317069860648,1.3527287599641056,-1.4606371667724716e-14
4.7778388273344765,8.688467182584272,-0.3844925488042938,-0.06933953802804677,-0.3060317069860648,1.35272875996411,6.46011022453763e-15
4.908738521234051,8.688467182584272,-0.3744917192423023,-0.00854322308916556,-0.28517615189627266,1.2605425304625442,-2.220446049250313e-16
5.0396382151336265,8.688467182584272,-0.35466117708487926,0.05068824104016184,-0.24488631333062294,1.0824524106549351,2.831068712794149e-15
5.170537909033201,8.688467182584272,-0.3253402284064028,0.10734138758661856,-0.18790787720525898,0.8305949478984306,1.4432899320127035e-15
5.301437602932776,8.688467182584272,-0.28703056276806505,0.16044686550557563,-0.11812382978080618,0.5221338120656809,-4.052314039881821e-15
5.43233729683235,8.688467182584272,-0.24038766917038315,0.20909602534622124,-0.04028983856564988,0.17809011980757655,2.55351295663786e-15
5.563236990731925,8.688467182584272,-0.18620962045466696,0.2524564664955802,0.04028983856564905,-0.17809011980757433,-2.55351295663786e-15
5.694136684631499,8.688467182584272,-0.12542341805543555,0.2897862797838089,0.11812382978080538,-0.5221338120656747,7.771561172376096e-16
5.825036378531074,8.688467182584272,-0.05906913074885836,0.32044674175576165,0.18790787720525837,-0.8305949478984052,3.774758283725532e-15
5.955936072430649,8.688467182584272,0.011717901212364268,0.34391324340641505,0.24488631333062288,-1.0824524106549793,-4.3298697960381105e-15
6.086835766330224,8.688467182584272,0.08572649208550297,0.35978426638638117,0.28517615189627243,-1.2605425304625237,-3.3306690738754696e-16
6.2177354602297985,8.688467182584272,0.16169033436166153,0.3677882530921991,0.3060317069860648,-1.3527287599641125,4.3298697960381105e-15
0.06544984694978735,8.982991493858314,0.24156840953917513,0.188062583942791,0.3320637524760596,-1.4677962376506974,6.5503158452884236e-15
0.19634954084936207,8.982991493858314,0.32399398160536996,0.18313375326549297,0.30943415650611344,-1.367768349702779,-9.992007221626409e-16
0.32724923474893675,8.982991493858314,0.4042979822686695,0.17336042557031592,0.26571713413439735,-1.1745293090666775,-1.0769163338864018e-14
0.4581489286485115,8.982991493858314,0.48110638781325143,0.158909825203802,0.20389192818974863,-0.901248037019144,1.587618925213974e-14
0.5890486225480862,8.982991493858314,0.553104985124934,0.14002920594468637,0.12817182428631105,-0.5665482006315561,-6.772360450213455e-15
0.7199483164476609,8.982991493858314,0.6190618582419306,0.11704162042318887,0.04371702237171603,-0.19323904063609637,-1.942890293094024e-15
0.8508480103472356,8.982991493858314,0.677848466778511,0.09034039260094434,-0.04371702237171602,0.19323904063609715,-1.3877787807814457e-15
0.9817477042468102,8.982991493858314,0.7284589555638867,0.06038238788897141,-0.12817182428631096,0.5665482006315566,-5.551115123125783e-16
1.112647398146385,8.982991493858314,0.7700273651030622,0.0276801960538196,-0.20389192818974836,0.9012480370191384,7.494005416219807e-15
1.2435470920459597,8.982991493858314,0.801842448383881,-0.007206639335451476,-0.26571713413439735,1.174529309066679,-5.662137425588298e-15
1.3744467859455345,8.982991493858314,0.8233598405106002,-0.043681194852872654,-0.30943415650611344,1.3677683497027826,-5.828670879282072e-16
1.505346479845109,8.982991493858314,0.8342113729381846,-0.08111938074088426,-0.33206375247605957,1.467796237650694,8.951173136040325e-16
1.6362461737446838,8.982991493858314,0.8342113729381846,-0.11888061925911572,-0.3320637524760596,1.467796237650697,-4.0592529337857286e-15
1.7671458676442584,8.982991493858314,0.8233598405106002,-0.15631880514712715,-0.3094341565061135,1.3677683497027844,3.760880495917718e-15
1.8980455615438332,8.982991493858314,0.8018424483838806,-0.19279336066454855,-0.2657171341343974,1.1745293090666755,-6.661338147750939e-16
2.028945255443408,8.982991493858314,0.7700273651030622,-0.22768019605381967,-0.20389192818974855,0.901248037019136,4.6074255521944e-15
2.1598449493429825,8.982991493858314,0.7284589555638872,-0.26038238788897106,-0.1281718242863113,0.5665482006315588,-5.717648576819556e-15
2.290744643242557,8.982991493858314,0.6778484667785112,-0.29034039260094496,-0.043717022371716346,0.1932390406361134,5.051514762044462e-15
2.421644337142132,8.982991493858314,0.6190618582419305,-0.3170416204231882,0.04371702237171587,-0.1932390406361117,-7.66053886991358e-15
2.5525440310417067,8.982991493858314,0.5531049851249331,-0.34002920594468616,0.12817182428631088,-0.5665482006315554,4.3298697960381105e-15
2.6834437249412812,8.982991493858314,0.4811063878132511,-0.35890982520380266,0.2038919281897483,-0.9012480370191315,-1.6653345369377348e-15
2.8143434188408563,8.982991493858314,0.40429798226866986,-0.3733604255703156,0.26571713413439735,-1.1745293090666833,6.5503158452884236e-15
2.945243112740431,8.982991493858314,0.32399398160536996,-0.3831337532654928,0.3094341565061134,-1.3677683497027782,-3.552713678800501e-15
3.0761428066400054,8.982991493858314,0.24156840953917524,-0.3880625839427917,0.33206375247605957,-1.4677962376506974,-2.220446049250313e-16
3.2070425005395804,8.982991493858314,0.15843159046082506,-0.3880625839427907,0.3320637524760596,-1.4677962376506972,0.0
3.337942194439155,8.982991493858314,0.07600601839463048,-0.3831337532654929,0.30943415650611356,-1.3677683497027757,-3.885780586188048e-15
3.4688418883387295,8.982991493858314,-0.004297982268669398,-0.37336042557031557,0.2657171341343977,-1.1745293090666913,6.5503158452884236e-15
3.5997415822383045,8.982991493858314,-0.08110638781325052,-0.3589098252038029,0.2038919281897487,-0.9012480370191333,1.6653345369377348e-15
3.730641276137879,8.982991493858314,-0.15310498512493304,-0.3400292059446865,0.12817182428631124,-0.5665482006315529,-8.659739592076221e-15
3.8615409700374537,8.982991493858314,-0.21906185824193025,-0.31704162042318845,0.043717022371716416,-0.1932390406361169,5.88418203051333e-15
3.9924406639370287,8.982991493858314,-0.2778484667785106,-0.290340392600945,-0.04371702237171592,0.19323904063613026,-2.1649348980190553e-15
4.123340357836603,8.982991493858314,-0.32845895556388677,-0.2603823878889715,-0.12817182428631058,0.5665482006315057,-4.996003610813204e-16
4.254240051736178,8.982991493858314,-0.37002736510306217,-0.22768019605381926,-0.20389192818974852,0.9012480370191742,-5.218048215738236e-15
4.385139745635753,8.982991493858314,-0.4018424483838807,-0.19279336066454883,-0.26571713413439724,1.1745293090666766,6.494804694057166e-15
4.516039439535327,8.982991493858314,-0.4233598405105998,-0.15631880514712726,-0.3094341565061133,1.3677683497027708,2.4424906541753444e-15
4.646939133434902,8.982991493858314,-0.43421137293818457,-0.11888061925911617,-0.33206375247605957,1.467796237650697,-5.419276138951545e-15
4.7778388273344765,8.982991493858314,-0.4342113729381847,-0.08111938074088437,-0.3320637524760596,1.4677962376506977,7.167877402736167e-15
4.908738521234051,8.982991493858314,-0.4233598405106005,-0.04368119485287267,-0.30943415650611367,1.367768349702798,-1.0408340855860843e-14
5.0396382151336265,8.982991493858314,-0.4018424483838808,-0.007206639335451539,-0.2657171341343973,1.1745293090666566,1.2850831510036187e-14
5.170537909033201,8.982991493858314,-0.3700273651030619,0.02768019605381914,-0.2038919281897487,0.9012480370191459,-5.329070518200751e-15
5.301437602932776,8.982991493858314,-0.3284589555638874,0.060382387888971045,-0.12817182428631135,0.5665482006315572,-1.0547118733938987e-15
5.43233729683235,8.982991493858314,-0.27784846677851127,0.09034039260094541,-0.04371702237171644,0.19323904063609765,2.4980018054066022e-15
5.563236990731925,8.982991493858314,-0.21906185824193053,0.11704162042318819,0.04371702237171554,-0.19323904063609515,1.6653345369377348e-16
5.694136684631499,8.982991493858314,-0.15310498512493373,0.14002920594468637,0.12817182428631047,-0.5665482006315508,-5.329070518200751e-15
5.825036378531074,8.982991493858314,-0.08110638781325175,0.15890982520380176,0.203891928189748,-0.9012480370191198,5.773159728050814e-15
5.955936072430649,8.982991493858314,-0.004297982268670231,0.1733604255703155,0.26571713413439724,-1.1745293090667033,-5.551115123125783e-15
6.086835766330224,8.982991493858314,0.07600601839462973,0.18313375326549255,0.30943415650611333,-1.3677683497027715,2.4424906541753444e-15
6.2177354602297985,8.982991493858314,0.1584315904608244,0.1880625839427932,0.33206375247605957,-1.4677962376507039,-4.6629367034256575e-15
0.06544984694978735,9.277515805132358,0.2432297027732549,-0.002733168760176402,0.34533477418189745,-1.5264571290739937,5.551115123125783e-16
0.19634954084936207,9.277515805132358,0.32894943611977656,-0.004397431210150224,0.3218007800140988,-1.422431598317281,4.9960036108132044e-15
0.32724923474893675,9.277515805132358,0.4124628088627505,-0.007697480118157872,0.2763365944892726,-1.221469704814604,-5.329070518200751e-15
0.4581489286485115,9.277515805132358,0.49234088404026405,-0.012576850732437223,0.212040526717817,-0.9372666695029412,1.3100631690576847e-14
0.5890486225480862,9.277515805132358,0.5672169256396431,-0.018952055668960726,0.13329424746408047,-0.5891904595710522,-7.105427357601002e-15
0.7199483164476609,9.277515805132358,0.6358097838295604,-0.02671401340372349,0.045464185524826124,-0.2009618935026773,-3.219646771412954e-15
0.8508480103472356,9.277515805132358,0.6969458157888553,-0.03572991468786305,-0.04546418552482608,0.20096189350267696,1.887379141862766e-15
0.9817477042468102,9.277515805132358,0.7495789670605929,-0.04584549495072697,-0.13329424746408042,0.5891904595710543,-4.218847493575595e-15
1.112647398146385,9.277515805132358,0.7928086698338479,-0.05688767380944947,-0.21204052671781673,0.937266669502934,4.6074255521944e-15
1.2435470920459597,9.277515805132358,0.825895251908632,-0.0686675165222874,-0.2763365944892725,1.2214697048146061,2.831068712794149e-15
1.3744467859455345,9.277515805132358,0.8482725926923111,-0.08098346671443431,-0.32180078001409873,1.4224315983172837,-3.469446951953614e-15
1.505346479845109,9.277515805132358,0.8595578096799059,-0.0936247950634766,-0.3453347741818974,1.5264571290739917,-2.4494295480792516e-15
1.6362461737446838,9.277515805132358,0.8595578096799061,-0.10637520493652351,-0.3453347741818974,1.526457129073993,6.501743587961073e-15
1.7671458676442584,9.277515805132358,0.8482725926923109,-0.11901653328556559,-0.32180078001409884,1.4224315983172877,-7.91033905045424e-15
1.8980455615438332,9.277515805132358,0.8258952519086316,-0.1313324834777127,-0.2763365944892726,1.2214697048146,2.914335439641036e-15
2.028945255443408,9.277515805132358,0.7928086698338482,-0.14311232619055048,-0.21204052671781695,0.9372666695029335,2.7200464103316335e-15
2.1598449493429825,9.277515805132358,0.7495789670605932,-0.1541545050492729,-0.13329424746408075,0.5891904595710549,-6.161737786669619e-15
2.290744643242557,9.277515805132358,0.6969458157888553,-0.1642700853121372,-0.045464185524826464,0.20096189350269728,5.551115123125783e-15
2.421644337142132,9.277515805132358,0.6358097838295607,-0.1732859865962763,0.045464185524825965,-0.20096189350269494,-3.497202527569243e-15
2.5525440310417067,9.277515805132358,0.5672169256396422,-0.1810479443310391,0.13329424746408025,-0.5891904595710524,-3.3306690738754696e-15
2.6834437249412812,9.277515805132358,0.4923408840402633,-0.18742314926756282,0.21204052671781665,-0.937266669502927,-1.1102230246251565e-16
2.8143434188408563,9.277515805132358,0.41246280886275055,-0.19230251988184185,0.27633659448927256,-1.221469704814611,8.104628079763643e-15
2.945243112740431,9.277515805132358,0.32894943611977656,-0.19560256878984958,0.3218007800140987,-1.4224315983172806,-5.440092820663267e-15
3.0761428066400054,9.277515805132358,0.2432297027732551,-0.19726683123982364,0.34533477418189745,-1.526457129073994,8.104628079763643e-15
3.2070425005395804,9.277515805132358,0.15677029722674524,-0.19726683123982333,0.34533477418189745,-1.5264571290739934,-5.551115123125783e-15
3.337942194439155,9.277515805132358,0.0710505638802237,-0.1956025687898496,0.3218007800140989,-1.4224315983172775,5.329070518200751e-15
3.4688418883387295,9.277515805132358,-0.012462808862749891,-0.1923025198818418,0.2763365944892729,-1.2214697048146168,3.885780586188048e-15
3.5997415822383045,9.277515805132358,-0.09234088404026317,-0.1874231492675629,0.21204052671781706,-0.9372666695029284,-3.3306690738754696e-15
3.730641276137879,9.277515805132358,-0.16721692563964213,-0.18104794433103927,0.13329424746408078,-0.5891904595710538,2.220446049250313e-15
3.8615409700374537,9.277515805132358,-0.23580978382956003,-0.17328598659627636,0.045464185524826534,-0.20096189350269789,2.4424906541753444e-15
3.9924406639370287,9.277515805132358,-0.2969458157888549,-0.16427008531213716,-0.04546418552482601,0.20096189350271226,-2.0539125955565396e-15
4.123340357836603,9.277515805132358,-0.34957896706059277,-0.15415450504927308,-0.13329424746408,0.5891904595710051,2.886579864025407e-15
4.254240051736178,9.277515805132358,-0.3928086698338481,-0.14311232619055042,-0.21204052671781692,0.93726666950297,-1.071365218763276e-14
4.385139745635753,9.277515805132358,-0.425895251908632,-0.1313324834777127,-0.27633659448927245,1.2214697048146017,5.88418203051333e-15
4.516039439535327,9.277515805132358,-0.44827259269231046,-0.1190165332855658,-0.32180078001409856,1.4224315983172748,6.217248937900877e-15
4.646939133434902,9.277515805132358,-0.4595578096799061,-0.10637520493652353,-0.34533477418189745,1.5264571290739934,-1.4661882818955974e-14
4.7778388273344765,9.277515805132358,-0.4595578096799061,-0.09362479506347669,-0.34533477418189745,1.5264571290739941,1.2580214647783805e-14
4.908738521234051,9.277515805132358,-0.448272592692311,-0.08098346671443452,-0.321800780014099,1.4224315983173004,-1.484923295436147e-14
5.0396382151336265,9.277515805132358,-0.4258952519086321,-0.06866751652228742,-0.27633659448927256,1.221469704814583,7.13318293321663e-15
5.170537909033201,9.277515805132358,-0.3928086698338481,-0.05688767380944968,-0.21204052671781706,0.9372666695029412,-2.1094237467877974e-15
5.301437602932776,9.277515805132358,-0.3495789670605934,-0.04584549495072712,-0.1332942474640808,0.5891904595710553,2.220446049250313e-16
5.43233729683235,9.277515805132358,-0.2969458157888556,-0.03572991468786265,-0.045464185524826575,0.20096189350267923,-1.7208456881689926e-15
5.563236990731925,9.277515805132358,-0.23580978382956078,-0.02671401340372376,0.04546418552482562,-0.20096189350267624,-3.3306690738754696e-16
5.694136684631499,9.277515805132358,-0.16721692563964272,-0.01895205566896077,0.13329424746407992,-0.5891904595710497,1.2212453270876722e-15
5.825036378531074,9.277515805132358,-0.09234088404026428,-0.012576850732437389,0.2120405267178163,-0.9372666695029135,-3.552713678800501e-15
5.955936072430649,9.277515805132358,-0.01246280886275139,-0.007697480118158101,0.2763365944892725,-1.2214697048146312,1.3322676295501878e-15
6.086835766330224,9.277515805132358,0.07105056388022285,-0.004397431210150286,0.3218007800140987,-1.4224315983172744,5.329070518200751e-15
6.2177354602297985,9.277515805132358,0.1567702972267448,-0.002733168760175736,0.34533477418189745,-1.5264571290740006,1.1102230246251565e-15
